ticker,status,current_price,entry,sl,tp,rr,atrs_from_entry,zone_lo,zone_hi,atr,short_float_pct,inst_own_pct,dollar_vol_30d,avg_vol_30d,weekly_bars,earnings_date,days_to_earnings,earnings_known,earnings_blackout,tradingview_url,finviz_url,reason
GTX,PASS,25.5,17.42469240921476,16.214946838192205,35.00577926635742,14.53287970484735,3.3376057677811857,17.351736831272113,17.497647987157407,2.419491142045108,2.72,94.82,71769757.64999999,2814500.3,262.0,2026-10-22,29.0,True,False,https://www.tradingview.com/chart/?symbol=NASDAQ:GTX,,PASS entry=17.42 SL=16.21 TP=35.01 R:R=14.53 zone=[17.35-17.50] short=2.72% $vol=$71.8M
FTI,PASS,71.23999786376953,40.51756041893378,37.90465865302564,75.69096374511719,13.4614334856016,5.878988227894186,40.23847198486328,40.79664885300429,5.225803531816276,3.29,99.59,207571497.34367985,2913693.2,262.0,2026-10-29,36.0,True,False,https://www.tradingview.com/chart/?symbol=NYSE:FTI,,PASS entry=40.52 SL=37.90 TP=75.69 R:R=13.46 zone=[40.24-40.80] short=3.29% $vol=$207.6M
RPRX,PASS,57.650001525878906,45.90134591010749,44.364686120425695,63.959999084472656,11.751887630315824,3.8227900849166905,45.82201766967773,45.98067415053724,3.0733195793635777,2.85,85.12,173620768.11039048,3011635.1,262.0,2026-11-11,49.0,True,False,https://www.tradingview.com/chart/?symbol=NASDAQ:RPRX,,PASS entry=45.90 SL=44.36 TP=63.96 R:R=11.75 zone=[45.82-45.98] short=2.85% $vol=$173.6M
VIAV,PASS,36.43000030517578,10.46999979019165,7.2766067641122,44.650001525878906,10.703349527148642,4.064642263413376,10.4399995803833,10.5,6.386786052158901,3.95,98.35,168160589.96868896,4615992.0,262.0,2026-10-29,36.0,True,False,https://www.tradingview.com/chart/?symbol=NASDAQ:VIAV,,PASS entry=10.47 SL=7.28 TP=44.65 R:R=10.70 zone=[10.44-10.50] short=3.95% $vol=$168.2M
SNEX,PASS,67.77999877929688,57.73777770996094,54.10111068725586,93.76000213623048,9.905285306949818,1.3847248351025232,57.25333404541016,58.22222137451172,7.252141952514648,3.82,84.0,58391488.39771525,861485.5333333333,262.0,2026-11-30,68.0,True,False,https://www.tradingview.com/chart/?symbol=NASDAQ:SNEX,,PASS entry=57.74 SL=54.10 TP=93.76 R:R=9.91 zone=[57.25-58.22] short=3.82% $vol=$58.4M
ROST,PASS,233.97999572753903,192.4792350767896,184.9943125962721,255.75570326720648,8.453857518914715,3.091941011548676,191.2069091796875,193.7515609738917,13.422235578149904,2.73,96.37,597831149.6356384,2555052.4,262.0,2026-11-12,50.0,True,False,https://www.tradingview.com/chart/?symbol=NASDAQ:ROST,,PASS entry=192.48 SL=184.99 TP=255.76 R:R=8.45 zone=[191.21-193.75] short=2.73% $vol=$597.8M
STLD,PASS,234.2899932861328,135.69693642652598,119.0523654962888,262.7099914550781,7.630899922918131,5.192728878562831,133.47352600097656,137.9203468520754,18.986752277136794,2.85,86.0,268768038.41112214,1147159.7,262.0,2026-10-19,26.0,True,False,https://www.tradingview.com/chart/?symbol=NASDAQ:STLD,,PASS entry=135.70 SL=119.05 TP=262.71 R:R=7.63 zone=[133.47-137.92] short=2.85% $vol=$268.8M
NTRS,PASS,173.99000549316406,150.10715505550593,144.57520863497314,190.51141357421875,7.303805107140106,2.804571750207557,149.8953399658203,150.3189701451915,8.515685304143366,2.08,87.0,173105788.2852478,994918.0,262.0,2026-10-21,28.0,True,False,https://www.tradingview.com/chart/?symbol=NASDAQ:NTRS,,PASS entry=150.11 SL=144.58 TP=190.51 R:R=7.30 zone=[149.90-150.32] short=2.08% $vol=$173.1M
CSX,PASS,47.18999862670898,42.48311009595534,41.16432207386231,51.858033041478826,7.108741350747689,2.1169077710700632,42.44334030151367,42.522879890397,2.2234735943996218,2.22,82.08,474420784.7597313,10053418.066666666,262.0,2026-10-21,28.0,True,False,https://www.tradingview.com/chart/?symbol=NASDAQ:CSX,,PASS entry=42.48 SL=41.16 TP=51.86 R:R=7.11 zone=[42.44-42.52] short=2.22% $vol=$474.4M
ARMK,PASS,55.77000045776367,41.79420801158478,38.86586993612383,62.26625061035156,6.991010624872704,4.772602099222768,41.66974639892578,41.918669624243776,2.928338075460951,3.38,100.01,132326422.5991436,2372716.9,262.0,2026-11-17,55.0,True,False,https://www.tradingview.com/chart/?symbol=NYSE:ARMK,,PASS entry=41.79 SL=38.87 TP=62.27 R:R=6.99 zone=[41.67-41.92] short=3.38% $vol=$132.3M
CGNX,PASS,58.18999862670898,38.70606801081001,34.643742606371056,66.7962417602539,6.914801487529639,3.112855838096283,38.38741788753602,39.02471813408399,6.259181802590218,4.59,107.4,104636691.0875614,1798190.3,262.0,2026-10-29,36.0,True,False,https://www.tradingview.com/chart/?symbol=NASDAQ:CGNX,,PASS entry=38.71 SL=34.64 TP=66.80 R:R=6.91 zone=[38.39-39.02] short=4.59% $vol=$104.6M
FIX,PASS,1625.9000244140625,1021.1998158136744,908.740562600455,1796.0,6.889608120705971,3.1875837517547363,1007.2098104218238,1035.189821205525,189.70488485753705,2.62,95.63,579131280.7760743,356191.2,262.0,2026-10-22,29.0,True,False,https://www.tradingview.com/chart/?symbol=NYSE:FIX,,PASS entry=1021.20 SL=908.74 TP=1796.00 R:R=6.89 zone=[1007.21-1035.19] short=2.62% $vol=$579.1M
STT,PASS,179.9499969482422,131.73472640305403,122.2169045889747,194.25999450683597,6.569283321872114,5.06578831659417,130.82041931152344,132.6490334945846,9.517821814079324,1.71,94.68,289755695.0277227,1610201.1666666667,262.0,2026-10-14,21.0,True,False,https://www.tradingview.com/chart/?symbol=NYSE:STT,,PASS entry=131.73 SL=122.22 TP=194.26 R:R=6.57 zone=[130.82-132.65] short=1.71% $vol=$289.8M
CNC,PASS,62.08000183105469,38.78000068664551,34.39999984741211,67.47000122070312,6.550227177371739,4.540014237289359,38.70000076293945,38.86000061035156,5.132142748151507,2.77,99.89,260887780.87890625,4202444.8,262.0,2026-10-27,34.0,True,False,https://www.tradingview.com/chart/?symbol=NYSE:CNC,,PASS entry=38.78 SL=34.40 TP=67.47 R:R=6.55 zone=[38.70-38.86] short=2.77% $vol=$260.9M
THG,PASS,217.57000732421875,178.4060973784654,169.29469008273662,231.64344787597656,5.842933892601597,3.645192699492805,178.01681518554688,178.7953795713839,10.743988912082107,2.07,93.15,66549610.36397502,305876.76666666666,262.0,2026-11-04,42.0,True,False,https://www.tradingview.com/chart/?symbol=NYSE:THG,,PASS entry=178.41 SL=169.29 TP=231.64 R:R=5.84 zone=[178.02-178.80] short=2.07% $vol=$66.5M
SLB,PASS,51.869998931884766,35.777037954992096,31.93860312689498,57.88962760211447,5.760834985463219,4.192584138486119,35.67535781860352,35.878718091380684,3.838434828097118,3.72,93.75,653564420.9736979,12600046.933333334,262.0,2026-10-16,23.0,True,False,https://www.tradingview.com/chart/?symbol=NYSE:SLB,,PASS entry=35.78 SL=31.94 TP=57.89 R:R=5.76 zone=[35.68-35.88] short=3.72% $vol=$653.6M
CSCO,PASS,106.43000030517578,84.1376281342992,77.28048617143847,123.0500030517578,5.674722082204744,2.992960460545866,84.04844665527344,84.22680961332497,7.448268182871623,1.41,83.63,2036475169.900025,19134409.133333333,262.0,2026-11-18,56.0,True,False,https://www.tradingview.com/chart/?symbol=NASDAQ:CSCO,,PASS entry=84.14 SL=77.28 TP=123.05 R:R=5.67 zone=[84.05-84.23] short=1.41% $vol=$2036.5M
PWR,PASS,634.9000244140625,472.2618713489859,431.28687079513935,695.0,5.435951815505333,2.9747485246513445,470.8227468853459,473.7009958126258,54.67290821974225,2.1,92.51,626656694.1304119,987016.3333333334,262.0,2026-10-29,36.0,True,False,https://www.tradingview.com/chart/?symbol=NYSE:PWR,,PASS entry=472.26 SL=431.29 TP=695.00 R:R=5.44 zone=[470.82-473.70] short=2.10% $vol=$626.7M
BPOP,PASS,158.8800048828125,145.34340087467507,139.46928459204034,177.02821362200743,5.393970977557955,1.8972077802200409,145.18597412109375,145.50082762825642,7.135013965928096,2.69,93.55,80114389.806132,504244.63333333336,262.0,2026-10-28,35.0,True,False,https://www.tradingview.com/chart/?symbol=NASDAQ:BPOP,,PASS entry=145.34 SL=139.47 TP=177.03 R:R=5.39 zone=[145.19-145.50] short=2.69% $vol=$80.1M
EQIX,PASS,1037.6600341796875,786.5765987912554,727.9265585912393,1100.5514592493814,5.3533613853864,3.9336679754942585,780.0664553539755,793.0867422285353,63.82934120332917,1.67,101.46,539008700.0011799,519446.3333333333,262.0,2026-11-04,42.0,True,False,https://www.tradingview.com/chart/?symbol=NASDAQ:EQIX,,PASS entry=786.58 SL=727.93 TP=1100.55 R:R=5.35 zone=[780.07-793.09] short=1.67% $vol=$539.0M
FLEX,PASS,112.3000030517578,66.69499969482422,55.14999984741211,128.1999969482422,5.327414297645465,2.693511744773974,65.68000030517578,67.70999908447266,16.931429181780135,2.69,96.62,348210109.3092926,3100713.2666666666,262.0,2026-11-04,42.0,True,False,https://www.tradingview.com/chart/?symbol=NASDAQ:FLEX,,PASS entry=66.69 SL=55.15 TP=128.20 R:R=5.33 zone=[65.68-67.71] short=2.69% $vol=$348.2M
CNO,PASS,54.02000045776367,44.2447674890069,41.88945769476827,56.563594818115234,5.230236531619589,4.150296064096596,44.1458740234375,44.3436609545763,2.355309794238635,2.21,96.77,54315497.06293437,1005470.1333333332,262.0,2026-11-04,42.0,True,False,https://www.tradingview.com/chart/?symbol=NYSE:CNO,,PASS entry=44.24 SL=41.89 TP=56.56 R:R=5.23 zone=[44.15-44.34] short=2.21% $vol=$54.3M
IESC,PASS,319.7300109863281,262.41749572753906,237.9005949837821,384.4750061035156,4.978504895528345,1.1688368741588029,259.8349914550781,265.0,49.03380148751395,3.11,97.46,91360505.95259604,285742.6666666667,262.0,2026-12-09,77.0,True,False,https://www.tradingview.com/chart/?symbol=NASDAQ:IESC,,PASS entry=262.42 SL=237.90 TP=384.48 R:R=4.98 zone=[259.83-265.00] short=3.11% $vol=$91.4M
BWA,PASS,60.54999923706055,45.152824484560696,40.17016919419909,68.75734005811681,4.737336660478285,3.0901545170672304,44.46606935696455,45.83957961215685,4.982655290361606,4.29,106.9,122641365.30969964,2025456.1,262.0,2026-10-29,36.0,True,False,https://www.tradingview.com/chart/?symbol=NYSE:BWA,,PASS entry=45.15 SL=40.17 TP=68.76 R:R=4.74 zone=[44.47-45.84] short=4.29% $vol=$122.6M
TRV,PASS,360.3900146484375,305.77496736192444,288.61243484281977,386.2095598408537,4.686638897225254,2.845666733343548,305.1965026855469,306.353432038302,19.19235539656553,2.76,91.53,567698820.5687256,1575234.6,262.0,2026-10-16,23.0,True,False,https://www.tradingview.com/chart/?symbol=NYSE:TRV,,PASS entry=305.77 SL=288.61 TP=386.21 R:R=4.69 zone=[305.20-306.35] short=2.76% $vol=$567.7M
NUE,PASS,246.97999572753903,191.83795399991837,174.29595437864825,273.0,4.626727154963038,3.0166651022276185,191.71368408203125,191.9622239178054,18.2791393339956,1.82,82.69,333092502.0672282,1348661.8666666667,262.0,2026-10-26,33.0,True,False,https://www.tradingview.com/chart/?symbol=NYSE:NUE,,PASS entry=191.84 SL=174.30 TP=273.00 R:R=4.63 zone=[191.71-191.96] short=1.82% $vol=$333.1M
FIVE,PASS,227.41000366210935,166.2249984741211,147.6142850603376,252.1999969482422,4.619650873267771,3.287622770155248,163.47000122070312,168.97999572753906,18.610713413783483,3.55,101.31,272005105.380249,1196100.0,262.0,2026-12-02,70.0,True,False,https://www.tradingview.com/chart/?symbol=NASDAQ:FIVE,,PASS entry=166.22 SL=147.61 TP=252.20 R:R=4.62 zone=[163.47-168.98] short=3.55% $vol=$272.0M
LH,PASS,303.9800109863281,273.80897904618064,260.07239875490035,335.62042236328125,4.499769375376293,1.6208025651126206,272.3859558105469,275.2320022818144,18.614871786096334,2.6,101.3,222551203.42069292,732124.4666666667,262.0,2026-10-22,29.0,True,False,https://www.tradingview.com/chart/?symbol=NYSE:LH,,PASS entry=273.81 SL=260.07 TP=335.62 R:R=4.50 zone=[272.39-275.23] short=2.60% $vol=$222.6M
RHP,PASS,120.73999786376952,103.08582477873856,95.95414709498368,134.4499969482422,4.397867312616703,2.475458632299813,102.76312827616329,103.40852128131384,7.131677683754883,4.0,94.3,86029924.88122177,712522.1666666666,262.0,2026-11-02,40.0,True,False,https://www.tradingview.com/chart/?symbol=NYSE:RHP,,PASS entry=103.09 SL=95.95 TP=134.45 R:R=4.40 zone=[102.76-103.41] short=4.00% $vol=$86.0M
KLAC,PASS,187.8600006103516,193.2526348638288,176.56481444417352,265.31012955787185,4.317969206402302,-0.1916308039676083,193.03515625,193.47011347765763,28.1407484695872,2.25,94.15,1785939306.9404638,9506756.633333333,262.0,2026-10-28,35.0,True,False,https://www.tradingview.com/chart/?symbol=NASDAQ:KLAC,,PASS entry=193.25 SL=176.56 TP=265.31 R:R=4.32 zone=[193.04-193.47] short=2.25% $vol=$1785.9M
LAMR,PASS,144.22000122070312,135.15681752744604,128.77896195406433,162.32000732421875,4.258984776974193,1.4210393429231518,134.6874542236328,135.62618083125926,6.377855573381696,3.55,85.48,72488025.2702179,502621.1666666667,262.0,2026-10-29,36.0,True,False,https://www.tradingview.com/chart/?symbol=NASDAQ:LAMR,,PASS entry=135.16 SL=128.78 TP=162.32 R:R=4.26 zone=[134.69-135.63] short=3.55% $vol=$72.5M
DOC,PASS,20.479999542236328,18.18815824157649,17.23790078963324,22.20780734077372,4.230063222316382,2.411810921317251,18.14604511932241,18.23027136383057,0.9502574519432514,3.52,99.23,94640170.94062728,4621102.2,262.0,2026-10-22,29.0,True,False,https://www.tradingview.com/chart/?symbol=NYSE:DOC,,PASS entry=18.19 SL=17.24 TP=22.21 R:R=4.23 zone=[18.15-18.23] short=3.52% $vol=$94.6M
GL,PASS,168.75,148.98553768352096,140.03596283913475,186.6100006103516,4.204050313119765,2.2084247196252806,145.89846801757812,152.0726073494638,8.949574844386191,2.71,88.07,71894233.125,426039.9,262.0,2026-10-28,35.0,True,False,https://www.tradingview.com/chart/?symbol=NYSE:GL,,PASS entry=148.99 SL=140.04 TP=186.61 R:R=4.20 zone=[145.90-152.07] short=2.71% $vol=$71.9M
HUM,PASS,374.7799987792969,278.5696463032564,249.3611627348137,400.3200073242188,4.168321875925918,3.2939180923445024,274.8027038574219,282.33658874909094,29.20848356844269,2.6,100.7,356581806.37857056,951443.0,262.0,2026-11-06,44.0,True,False,https://www.tradingview.com/chart/?symbol=NYSE:HUM,,PASS entry=278.57 SL=249.36 TP=400.32 R:R=4.17 zone=[274.80-282.34] short=2.60% $vol=$356.6M
BNY,PASS,149.50999450683594,135.24273174997546,128.0601783866506,164.83999633789062,4.120716281628058,1.986377550595183,134.03237915039062,136.45308434956033,7.182553363324884,1.49,87.73,471201081.0475464,3151636.0,262.0,2026-10-15,22.0,True,False,https://www.tradingview.com/chart/?symbol=NYSE:BNY,,PASS entry=135.24 SL=128.06 TP=164.84 R:R=4.12 zone=[134.03-136.45] short=1.49% $vol=$471.2M
BAX,PASS,23.489999771118164,18.93285108782013,16.804274979094693,27.53937530517578,4.043324634752725,2.140937627091377,18.69306755065918,19.17263462498108,2.1285761087254373,4.53,109.61,137638878.48887444,5859467.0,262.0,2026-10-29,36.0,True,False,https://www.tradingview.com/chart/?symbol=NYSE:BAX,,PASS entry=18.93 SL=16.80 TP=27.54 R:R=4.04 zone=[18.69-19.17] short=4.53% $vol=$137.6M
AIZ,PASS,266.9700012207031,242.23713472283177,230.66048127654136,288.6579895019531,4.009868222668127,2.1364435423949493,240.75289916992188,243.7213702757417,11.5766534462904,2.85,101.3,95071203.27670696,356111.93333333335,262.0,2026-11-03,41.0,True,False,https://www.tradingview.com/chart/?symbol=NYSE:AIZ,,PASS entry=242.24 SL=230.66 TP=288.66 R:R=4.01 zone=[240.75-243.72] short=2.85% $vol=$95.1M
AIT,PASS,333.4700012207031,292.0732006093056,274.13235886067207,361.9500122070313,3.894845770157247,2.307405705451396,290.3217468261719,293.8246543924392,17.940841748633513,2.03,97.29,102575939.27449036,307601.7,262.0,2026-10-22,29.0,True,False,https://www.tradingview.com/chart/?symbol=NYSE:AIT,,PASS entry=292.07 SL=274.13 TP=361.95 R:R=3.89 zone=[290.32-293.82] short=2.03% $vol=$102.6M
R,PASS,238.0,223.08289094126692,210.78949661481647,270.889957823935,3.888841894529186,1.2134247598840446,222.27438354492188,223.891398337612,12.293394326450477,2.27,92.0,62207313.46666667,261375.26666666663,262.0,2026-10-22,29.0,True,False,https://www.tradingview.com/chart/?symbol=NYSE:R,,PASS entry=223.08 SL=210.79 TP=270.89 R:R=3.89 zone=[222.27-223.89] short=2.27% $vol=$62.2M
ALL,PASS,225.66000366210935,212.3132462311384,198.4110584331221,265.8934020996094,3.854080857411245,0.8934456343063418,211.5108302868161,213.11566217546076,14.938522187008273,2.51,86.73,416340954.1305634,1844992.2333333332,262.0,2026-11-04,42.0,True,False,https://www.tradingview.com/chart/?symbol=NYSE:ALL,,PASS entry=212.31 SL=198.41 TP=265.89 R:R=3.85 zone=[211.51-213.12] short=2.51% $vol=$416.3M
WTS,PASS,357.2900085449219,306.6682156771436,284.55514413427056,391.5543823242188,3.83873251088149,2.289224849186249,302.1103943028199,311.22603705146736,22.113071542873037,2.92,82.49,67639452.83299357,189312.46666666667,262.0,2026-11-04,42.0,True,False,https://www.tradingview.com/chart/?symbol=NYSE:WTS,,PASS entry=306.67 SL=284.56 TP=391.55 R:R=3.84 zone=[302.11-311.23] short=2.92% $vol=$67.6M
ADP,PASS,263.67999267578125,231.2838584895892,216.8110706852972,285.6518859863281,3.7565691027830654,2.238416995002495,228.73956298828125,233.8281539908972,14.472787804292,2.72,92.02,588880394.9493815,2233314.6666666665,262.0,2026-10-28,35.0,True,False,https://www.tradingview.com/chart/?symbol=NASDAQ:ADP,,PASS entry=231.28 SL=216.81 TP=285.65 R:R=3.76 zone=[228.74-233.83] short=2.72% $vol=$588.9M
UNF,PASS,257.6199951171875,263.3002153637044,254.49876279594864,296.07663908860803,3.723978908320264,-0.4208128251328228,262.42755126953125,264.1728794578776,13.498210860669564,4.44,85.31,74588700.01161297,289529.93333333335,262.0,2026-10-28,35.0,True,False,https://www.tradingview.com/chart/?symbol=NYSE:UNF,,PASS entry=263.30 SL=254.50 TP=296.08 R:R=3.72 zone=[262.43-264.17] short=4.44% $vol=$74.6M
LTH,PASS,39.66999816894531,34.53500175476074,31.45600128173828,46.0,3.7236104202299103,1.667747848425586,33.7400016784668,35.33000183105469,3.079000473022461,4.85,85.2,123578365.04930624,3115159.333333333,260.0,2026-10-22,29.0,True,False,https://www.tradingview.com/chart/?symbol=NYSE:LTH,,PASS entry=34.54 SL=31.46 TP=46.00 R:R=3.72 zone=[33.74-35.33] short=4.85% $vol=$123.6M
SWK,PASS,91.76000213623048,79.76577380245658,73.49542234539948,102.99365997314452,3.70439939926264,1.9128478548478685,79.62845014666357,79.90309745824958,6.270351457057105,4.65,100.15,146955597.9092186,1601521.3,262.0,2026-10-22,29.0,True,False,https://www.tradingview.com/chart/?symbol=NYSE:SWK,,PASS entry=79.77 SL=73.50 TP=102.99 R:R=3.70 zone=[79.63-79.90] short=4.65% $vol=$147.0M
MOG-A,PASS,374.9800109863281,344.9263961938456,317.66173064387937,443.3500061035156,3.6099327801874352,0.9421589454251476,344.507080078125,345.34571230956607,31.898667351633453,2.43,90.24,91314582.30470784,243518.53333333333,262.0,2026-10-30,37.0,True,False,https://www.tradingview.com/chart/?symbol=NYSE:MOG.A,,PASS entry=344.93 SL=317.66 TP=443.35 R:R=3.61 zone=[344.51-345.35] short=2.43% $vol=$91.3M
TDY,PASS,621.0499877929688,593.9949951171875,565.8399755859375,694.1300048828125,3.556559769190802,0.7978301185155378,592.0,595.989990234375,33.910718645368306,2.05,99.64,159675077.8131775,257105.03333333333,262.0,2026-10-28,35.0,True,False,https://www.tradingview.com/chart/?symbol=NYSE:TDY,,PASS entry=593.99 SL=565.84 TP=694.13 R:R=3.56 zone=[592.00-595.99] short=2.05% $vol=$159.7M
CAH,PASS,221.2700042724609,216.2292979700813,207.4941952921315,247.17999267578125,3.5432548244486437,0.3646042141456225,215.4609662413644,216.99762969879825,13.825145477792985,2.89,91.78,366913601.5423325,1658216.6333333333,262.0,2026-10-30,37.0,True,False,https://www.tradingview.com/chart/?symbol=NYSE:CAH,,PASS entry=216.23 SL=207.49 TP=247.18 R:R=3.54 zone=[215.46-217.00] short=2.89% $vol=$366.9M
V,PASS,361.5199890136719,331.40933824391743,317.0558276107118,381.6000061035156,3.496752058934369,2.0977899789962198,328.2701721191406,334.5485043686942,14.353510633205628,1.2,82.62,2419221703.905621,6691806.2,262.0,2026-11-03,41.0,True,False,https://www.tradingview.com/chart/?symbol=NYSE:V,,PASS entry=331.41 SL=317.06 TP=381.60 R:R=3.50 zone=[328.27-334.55] short=1.20% $vol=$2419.2M
UNH,PASS,371.2900085449219,350.1423214836716,328.7617357163797,424.6352826432401,3.4841403304079765,0.9891070006885436,349.3529357910156,350.9317071763275,21.38058576729192,1.71,90.19,1725473209.9989564,4647238.466666667,262.0,2026-10-13,20.0,True,False,https://www.tradingview.com/chart/?symbol=NYSE:UNH,,PASS entry=350.14 SL=328.76 TP=424.64 R:R=3.48 zone=[349.35-350.93] short=1.71% $vol=$1725.5M
AXTA,PASS,32.43000030517578,30.614999771118164,28.40557030269078,38.18999862670898,3.428486387023032,0.8214792823187461,30.0,31.229999542236328,2.2094294684273854,4.46,106.79,60839808.05552037,1876034.7666666664,262.0,2026-11-04,42.0,True,False,https://www.tradingview.com/chart/?symbol=NYSE:AXTA,,PASS entry=30.61 SL=28.41 TP=38.19 R:R=3.43 zone=[30.00-31.23] short=4.46% $vol=$60.8M
AMP,PASS,502.7900085449219,472.62841767930433,444.3504065676867,569.5399780273438,3.427099592171272,1.0666093434423352,468.9648602543218,476.2919751042868,28.278011111617637,3.16,91.69,254556849.52019653,506288.6,262.0,2026-10-27,34.0,True,False,https://www.tradingview.com/chart/?symbol=NYSE:AMP,,PASS entry=472.63 SL=444.35 TP=569.54 R:R=3.43 zone=[468.96-476.29] short=3.16% $vol=$254.6M
SCHW,PASS,99.5,95.54256324642752,90.3744074345362,112.88999938964844,3.356600840730554,0.7657347993392297,94.97129043895808,96.11383605389696,5.168155811891329,1.31,85.6,804550297.0166667,8085932.633333334,262.0,2026-10-15,22.0,True,False,https://www.tradingview.com/chart/?symbol=NYSE:SCHW,,PASS entry=95.54 SL=90.37 TP=112.89 R:R=3.36 zone=[94.97-96.11] short=1.31% $vol=$804.6M
USB,PASS,58.47999954223633,56.67496252926846,54.00543256634078,65.41999816894531,3.275870943994252,0.6761628593927731,56.44691467285156,56.90301038568536,2.6695299629276827,1.61,84.08,407369733.32590014,6965966.766666667,262.0,2026-10-15,22.0,True,False,https://www.tradingview.com/chart/?symbol=NYSE:USB,,PASS entry=56.67 SL=54.01 TP=65.42 R:R=3.28 zone=[56.45-56.90] short=1.61% $vol=$407.4M
RS,PASS,384.6300048828125,350.1624220194681,325.9697267694144,426.5400085449219,3.157051570154592,1.4247103312421456,349.6131591796875,350.71168485924875,24.19269525005376,2.09,83.27,125820128.73426516,327119.9,262.0,2026-10-21,28.0,True,False,https://www.tradingview.com/chart/?symbol=NYSE:RS,,PASS entry=350.16 SL=325.97 TP=426.54 R:R=3.16 zone=[349.61-350.71] short=2.09% $vol=$125.8M
LFUS,PASS,422.4299926757813,369.81962042088753,341.15074995958867,459.3824271344834,3.124043789395188,1.3086467705729254,368.9876403808594,370.6516004609157,40.20211827815149,4.89,101.58,87525452.73745728,207195.16666666663,262.0,2026-11-03,41.0,True,False,https://www.tradingview.com/chart/?symbol=NASDAQ:LFUS,,PASS entry=369.82 SL=341.15 TP=459.38 R:R=3.12 zone=[368.99-370.65] short=4.89% $vol=$87.5M
ST,PASS,41.5099983215332,38.167222182972615,35.39191506721856,46.8081828406849,3.113515116457491,0.9885095676862,38.1473274230957,38.18711694284953,3.3816325585851525,4.35,107.11,57955274.485897824,1396176.2666666666,262.0,2026-10-27,34.0,True,False,https://www.tradingview.com/chart/?symbol=NYSE:ST,,PASS entry=38.17 SL=35.39 TP=46.81 R:R=3.11 zone=[38.15-38.19] short=4.35% $vol=$58.0M
OXY,PASS,57.36000061035156,47.89630138739112,44.301230021956464,59.07481002807617,3.109398257893424,2.632409279534915,47.308015123332105,48.48458765145014,3.5950713654346544,2.11,84.95,452532545.303271,7889339.966666667,262.0,2026-11-10,48.0,True,False,https://www.tradingview.com/chart/?symbol=NYSE:OXY,,PASS entry=47.90 SL=44.30 TP=59.07 R:R=3.11 zone=[47.31-48.48] short=2.11% $vol=$452.5M
UNP,PASS,275.5299987792969,263.95735695308025,249.8591825371612,307.0749771113229,3.0583832265229995,0.8208610196472863,262.3927820459206,265.5219318602399,14.098174415919084,4.68,92.23,682096949.3043833,2475581.433333333,262.0,2026-10-22,29.0,True,False,https://www.tradingview.com/chart/?symbol=NYSE:UNP,,PASS entry=263.96 SL=249.86 TP=307.07 R:R=3.06 zone=[262.39-265.52] short=4.68% $vol=$682.1M
MA,PASS,559.9199829101562,523.5074411451676,500.01665908617554,595.2999877929688,3.056200788356452,1.5500778847441672,520.4276123046875,526.5872699856476,23.49078205899206,0.94,83.81,1523999802.7805705,2721817.1333333333,262.0,2026-10-22,29.0,True,False,https://www.tradingview.com/chart/?symbol=NYSE:MA,,PASS entry=523.51 SL=500.02 TP=595.30 R:R=3.06 zone=[520.43-526.59] short=0.94% $vol=$1524.0M
J,PASS,141.1199951171875,128.58134100634987,120.84164059470342,151.97999572753906,3.023199022791585,1.620043857507698,128.57635591334733,128.58632609935245,7.739700411646447,2.91,95.18,115356545.51261394,817435.8666666667,262.0,2026-11-24,62.0,True,False,https://www.tradingview.com/chart/?symbol=NYSE:J,,PASS entry=128.58 SL=120.84 TP=151.98 R:R=3.02 zone=[128.58-128.59] short=2.91% $vol=$115.4M
WSM,PASS,227.8300018310547,201.10852214668523,184.33066096781712,251.77999877929688,3.0201392234924973,1.5926630575550025,198.02880859375,204.18823569962044,16.777861178868108,4.73,97.85,268771706.2727671,1179702.8666666667,262.0,2026-11-12,50.0,True,False,https://www.tradingview.com/chart/?symbol=NYSE:WSM,,PASS entry=201.11 SL=184.33 TP=251.78 R:R=3.02 zone=[198.03-204.19] short=4.73% $vol=$268.8M
ESS,PASS,273.4700012207031,256.2463112380834,244.86292811918213,290.3099975585937,2.9924044517090898,1.5130554601136967,255.67339383830705,256.81922863785974,11.383383118901303,3.73,104.57,134512035.89576212,491871.26666666666,262.0,2026-10-28,35.0,True,False,https://www.tradingview.com/chart/?symbol=NYSE:ESS,,PASS entry=256.25 SL=244.86 TP=290.31 R:R=2.99 zone=[255.67-256.82] short=3.73% $vol=$134.5M
IRM,PASS,115.08999633789062,108.80974531743512,102.1426206814936,128.6404567879491,2.9744023928410424,0.7158691446622455,108.49203420768968,109.1274564271806,8.772903633692136,2.19,88.91,175437581.6983256,1524351.2666666666,262.0,2026-10-29,36.0,True,False,https://www.tradingview.com/chart/?symbol=NYSE:IRM,,PASS entry=108.81 SL=102.14 TP=128.64 R:R=2.97 zone=[108.49-109.13] short=2.19% $vol=$175.4M
WMB,PASS,71.11000061035156,61.47282011617562,57.02740059919223,74.66776925526774,2.968212356265097,2.1678899949392454,60.95363235473633,61.99200787761491,4.44541951698339,2.15,92.18,530739433.1037775,7463639.833333333,262.0,2026-11-02,40.0,True,False,https://www.tradingview.com/chart/?symbol=NYSE:WMB,,PASS entry=61.47 SL=57.03 TP=74.67 R:R=2.97 zone=[60.95-61.99] short=2.15% $vol=$530.7M
AMAT,PASS,474.3800048828125,375.376451698104,314.96744308908114,554.4071376484701,2.963642179746442,1.4125401831015914,374.5134582519531,376.2394451442549,70.08901719689206,1.98,86.96,3380461468.669226,7126062.3,262.0,2026-11-12,50.0,True,False,https://www.tradingview.com/chart/?symbol=NASDAQ:AMAT,,PASS entry=375.38 SL=314.97 TP=554.41 R:R=2.96 zone=[374.51-376.24] short=1.98% $vol=$3380.5M
SPG,PASS,204.16000366210935,202.0704667340393,193.2138716167296,227.8346030991588,2.909034005039364,0.2359300499111881,201.8258056640625,202.31512780401616,8.856595117309693,2.97,96.68,247867625.26744583,1214085.1333333333,262.0,2026-11-02,40.0,True,False,https://www.tradingview.com/chart/?symbol=NYSE:SPG,,PASS entry=202.07 SL=193.21 TP=227.83 R:R=2.91 zone=[201.83-202.32] short=2.97% $vol=$247.9M
ASB,PASS,28.68000030517578,28.224319728671876,26.874559433400464,32.076515197753906,2.853984876112715,0.3376011119161573,28.170221585616805,28.278417871726944,1.3497602952714096,4.17,80.99,54610360.07309341,1904126.9,262.0,2026-10-22,29.0,True,False,https://www.tradingview.com/chart/?symbol=NYSE:ASB,,PASS entry=28.22 SL=26.87 TP=32.08 R:R=2.85 zone=[28.17-28.28] short=4.17% $vol=$54.6M
ATI,PASS,184.17999267578125,202.8300018310547,192.81821714128768,231.25999450683597,2.839652824819473,-0.9314028284255598,202.80999755859372,202.8500061035156,20.02356937953404,2.75,94.56,335428031.7031555,1821196.9,262.0,2026-11-03,41.0,True,False,https://www.tradingview.com/chart/?symbol=NYSE:ATI,,PASS entry=202.83 SL=192.82 TP=231.26 R:R=2.84 zone=[202.81-202.85] short=2.75% $vol=$335.4M
DAL,PASS,81.75,74.9161763156386,69.13133048954613,91.33999633789062,2.839111104426089,1.181332033696999,74.76238250732422,75.06997012395297,5.784845826092463,3.86,89.96,491321881.8,6010053.6,262.0,2026-10-09,16.0,True,False,https://www.tradingview.com/chart/?symbol=NYSE:DAL,,PASS entry=74.92 SL=69.13 TP=91.34 R:R=2.84 zone=[74.76-75.07] short=3.86% $vol=$491.3M
FITB,PASS,51.68999862670898,50.35772659050557,47.63082526344468,58.08000183105469,2.8318865680674747,0.4885662796018218,50.07473373413086,50.64071944688028,2.726901327060897,3.42,93.53,280272628.3777649,5422182.933333334,262.0,2026-10-19,26.0,True,False,https://www.tradingview.com/chart/?symbol=NYSE:FITB,,PASS entry=50.36 SL=47.63 TP=58.08 R:R=2.83 zone=[50.07-50.64] short=3.42% $vol=$280.3M
SSB,PASS,101.62000274658205,99.23878950522744,94.68703636382553,111.58999633789062,2.7135054228488067,0.5231419998803362,98.71031951904295,99.76725949141188,4.551753141401917,3.01,89.37,68251526.83336665,671634.7666666667,262.0,2026-10-28,35.0,True,False,https://www.tradingview.com/chart/?symbol=NYSE:SSB,,PASS entry=99.24 SL=94.69 TP=111.59 R:R=2.71 zone=[98.71-99.77] short=3.01% $vol=$68.3M
DASH,PASS,189.2700042724609,186.16500091552732,167.42457144601005,236.7400054931641,2.698711075960172,0.1656847492200812,183.88999938964844,188.44000244140625,18.7404294695173,4.82,82.54,756440871.212416,3996623.1,262.0,2026-11-04,42.0,True,False,https://www.tradingview.com/chart/?symbol=NASDAQ:DASH,,PASS entry=186.17 SL=167.42 TP=236.74 R:R=2.70 zone=[183.89-188.44] short=4.82% $vol=$756.4M
MUSA,PASS,506.239990234375,505.6050618311606,461.4706016541379,622.5089585338304,2.648812203293527,0.0143862279195832,505.0862426757813,506.1238809865399,44.13446017702265,4.73,83.88,135831462.36107582,268314.36666666664,262.0,2026-10-28,35.0,True,False,https://www.tradingview.com/chart/?symbol=NYSE:MUSA,,PASS entry=505.61 SL=461.47 TP=622.51 R:R=2.65 zone=[505.09-506.12] short=4.73% $vol=$135.8M
CHE,PASS,498.0899963378906,477.1545021663086,448.2334049249792,551.993896484375,2.5877093698615954,0.7238831223064521,474.8237160779636,479.48528825465365,28.921097241329388,4.41,105.8,73534620.04735108,147633.2,262.0,2026-11-03,41.0,True,False,https://www.tradingview.com/chart/?symbol=NYSE:CHE,,PASS entry=477.15 SL=448.23 TP=551.99 R:R=2.59 zone=[474.82-479.49] short=4.41% $vol=$73.5M
BMY,PASS,61.150001525878906,59.03361080892649,55.752935553951886,67.41000366210938,2.5532526697000764,0.6451082635330205,58.954503866693024,59.11271775115996,3.2806752549746045,2.16,85.18,570014036.0302541,9321570.266666668,262.0,2026-10-29,36.0,True,False,https://www.tradingview.com/chart/?symbol=NYSE:BMY,,PASS entry=59.03 SL=55.75 TP=67.41 R:R=2.55 zone=[58.95-59.11] short=2.16% $vol=$570.0M
DGX,PASS,233.0,211.10708668098457,197.8771699984012,244.38999938964844,2.5157310894088525,1.6548035671181902,210.74019020158403,211.4739831603851,13.229916682583385,3.14,97.91,218219217.8333333,936563.1666666666,262.0,2026-10-27,34.0,True,False,https://www.tradingview.com/chart/?symbol=NYSE:DGX,,PASS entry=211.11 SL=197.88 TP=244.39 R:R=2.52 zone=[210.74-211.47] short=3.14% $vol=$218.2M
CPAY,PASS,395.1600036621094,363.0199890136719,340.6585606166295,417.6000061035156,2.440810851647683,1.4372970311989746,361.7999877929688,364.239990234375,22.36142839704241,4.33,100.49,172045394.65041503,435381.6,262.0,2026-11-11,49.0,True,False,https://www.tradingview.com/chart/?symbol=NYSE:CPAY,,PASS entry=363.02 SL=340.66 TP=417.60 R:R=2.44 zone=[361.80-364.24] short=4.33% $vol=$172.0M
PKG,PASS,240.97999572753903,222.38984424739908,209.13751450204063,254.39352416992188,2.414947449804586,1.4027836491656205,222.27140433922395,222.5082841555742,13.25232974535842,3.1,98.84,134520817.13500977,558224.0,262.0,2026-10-21,28.0,True,False,https://www.tradingview.com/chart/?symbol=NYSE:PKG,,PASS entry=222.39 SL=209.14 TP=254.39 R:R=2.41 zone=[222.27-222.51] short=3.10% $vol=$134.5M
UMBF,PASS,133.85000610351562,133.79001400749908,126.28890405160573,151.50167846679688,2.361205816664821,0.007997762513721,132.90444946289062,134.67557855210754,7.501109955893361,4.7,96.85,74988778.82279663,560244.8666666667,262.0,2026-10-27,34.0,True,False,https://www.tradingview.com/chart/?symbol=NASDAQ:UMBF,,PASS entry=133.79 SL=126.29 TP=151.50 R:R=2.36 zone=[132.90-134.68] short=4.70% $vol=$75.0M
ADM,PASS,82.1500015258789,73.01217038417721,67.75819225634807,85.37811279296875,2.353634162139336,1.7392213898456583,72.88384246826172,73.14049830009272,5.253978127829145,3.02,89.61,304963394.1761488,3712274.966666667,262.0,2026-10-27,34.0,True,False,https://www.tradingview.com/chart/?symbol=NYSE:ADM,,PASS entry=73.01 SL=67.76 TP=85.38 R:R=2.35 zone=[72.88-73.14] short=3.02% $vol=$305.0M
CCK,PASS,109.7300033569336,107.22993827142597,101.32723860573302,120.69000244140624,2.2803233998523518,0.4235460428451482,106.46979522705078,107.99008131580116,5.902699665692952,2.5,100.31,96448455.66094896,878961.5666666667,262.0,2026-10-26,33.0,True,False,https://www.tradingview.com/chart/?symbol=NYSE:CCK,,PASS entry=107.23 SL=101.33 TP=120.69 R:R=2.28 zone=[106.47-107.99] short=2.50% $vol=$96.4M
C,PASS,131.92999267578125,121.63329482872189,113.80620365921878,139.3300018310547,2.2609557777076787,1.3155203668993467,121.49465942382812,121.77193023361563,7.827091169503107,1.57,82.71,1198840965.4945395,9086947.866666667,262.0,2026-10-13,20.0,True,False,https://www.tradingview.com/chart/?symbol=NYSE:C,,PASS entry=121.63 SL=113.81 TP=139.33 R:R=2.26 zone=[121.49-121.77] short=1.57% $vol=$1198.8M
FWONK,PASS,93.25,92.40749740600586,86.52142551967076,105.63999938964844,2.24810403936158,0.1431349481052151,91.58999633789062,93.2249984741211,5.886071886335101,3.78,89.93,186372648.475,1998634.3,262.0,2026-10-30,37.0,True,False,https://www.tradingview.com/chart/?symbol=NASDAQ:FWONK,,PASS entry=92.41 SL=86.52 TP=105.64 R:R=2.25 zone=[91.59-93.22] short=3.78% $vol=$186.4M
ROK,PASS,427.1900024414063,421.0242927199648,395.3097056106566,478.6056823730469,2.2392500182217034,0.2397747898977369,417.6122741699219,424.4363112700077,25.71458710930821,3.29,92.64,297482885.82645875,696371.3666666667,262.0,2026-11-04,42.0,True,False,https://www.tradingview.com/chart/?symbol=NYSE:ROK,,PASS entry=421.02 SL=395.31 TP=478.61 R:R=2.24 zone=[417.61-424.44] short=3.29% $vol=$297.5M
URI,PASS,1031.989990234375,984.0309658696532,901.9434654384584,1160.8367919921875,2.1538702627537347,0.5842427179875089,970.7264404296876,997.3354913096188,82.08750043119457,2.31,95.89,440071216.3383138,426429.7333333333,262.0,2026-10-28,35.0,True,False,https://www.tradingview.com/chart/?symbol=NYSE:URI,,PASS entry=984.03 SL=901.94 TP=1160.84 R:R=2.15 zone=[970.73-997.34] short=2.31% $vol=$440.1M
EWBC,PASS,124.48999786376952,125.0959592737822,119.74374136042516,136.60000610351562,2.1493980656175893,-0.1132168793988049,124.25652313232422,125.93539541524018,5.352217913357043,3.03,93.56,96225909.08911055,772960.9666666667,262.0,2026-10-20,27.0,True,False,https://www.tradingview.com/chart/?symbol=NASDAQ:EWBC,,PASS entry=125.10 SL=119.74 TP=136.60 R:R=2.15 zone=[124.26-125.94] short=3.03% $vol=$96.2M
ITW,PASS,273.4200134277344,271.7890972988934,260.09091734988573,296.6600036621094,2.1260492206162107,0.1394162285030765,270.6211853027344,272.95700929505244,11.6981799490077,3.09,87.86,302881657.85460407,1107752.3333333333,262.0,2026-10-27,34.0,True,False,https://www.tradingview.com/chart/?symbol=NYSE:ITW,,PASS entry=271.79 SL=260.09 TP=296.66 R:R=2.13 zone=[270.62-272.96] short=3.09% $vol=$302.9M
MCO,PASS,473.8500061035156,458.7006540075446,431.3633594479237,514.9500122070312,2.057605154628978,0.5541642777755955,452.7133069027764,464.6880011123127,27.337294559620915,1.47,93.98,333836158.70504045,704518.6333333333,262.0,2026-10-27,34.0,True,False,https://www.tradingview.com/chart/?symbol=NYSE:MCO,,PASS entry=458.70 SL=431.36 TP=514.95 R:R=2.06 zone=[452.71-464.69] short=1.47% $vol=$333.8M
JBL,FAIL,308.75,274.358747256628,245.0816749595404,365.7699890136719,3.1222808356468463,1.014264305202723,270.9702453613281,277.747249151928,33.907584607838615,2.92,100.2,316158816.4583333,1023996.1666666666,262.0,2026-09-30,7.0,True,True,https://www.tradingview.com/chart/?symbol=NYSE:JBL,,PASS entry=274.36 SL=245.08 TP=365.77 R:R=3.12 zone=[270.97-277.75] short=2.92% $vol=$316.2M | earnings blackout (<14d)
MTG,FAIL,29.299999237060547,28.799446590697745,27.53922949887335,31.15999984741211,1.8731322341431136,0.3971955701998624,28.398972945414464,29.199920235981025,1.2602170918243931,3.98,100.72,54147375.256729126,1848033.3333333333,262.0,2026-11-04,42.0,True,False,https://www.tradingview.com/chart/?symbol=NYSE:MTG,,R:R 1.87 < 2.0
WELL,FAIL,229.8699951171875,217.84263058940343,206.0264153032392,239.8500061035156,1.862472456801035,1.0178694477466987,216.76171204387023,218.92354913493656,11.816215286164216,2.56,101.7,587856323.3126425,2557342.566666667,262.0,2026-11-02,40.0,True,False,https://www.tradingview.com/chart/?symbol=NYSE:WELL,,R:R 1.86 < 2.0
PH,FAIL,971.2100219726562,984.3724338900104,929.5554899534652,1082.6694406412896,1.7931865531406788,-0.2401157556793137,966.9724731445312,1001.7723946354896,54.81694393654518,1.05,91.14,589339111.7178751,606809.1333333333,262.0,2026-10-29,36.0,True,False,https://www.tradingview.com/chart/?symbol=NYSE:PH,,R:R 1.79 < 2.0
IVZ,FAIL,30.850000381469727,29.512606901031955,27.3420950963629,33.06999969482422,1.6389649603102123,0.6161650342379453,29.403338081691807,29.621875720372103,2.170511804669053,2.82,98.3,117411269.8818264,3805875.8,262.0,2026-10-27,34.0,True,False,https://www.tradingview.com/chart/?symbol=NYSE:IVZ,,R:R 1.64 < 2.0
VLTO,FAIL,95.87999725341795,91.73177619478908,86.85229723349921,99.08999633789062,1.5079930052934194,0.8501360681207459,90.84608459472656,92.61746779485162,4.879478961289877,2.33,100.91,144993742.82650375,1512241.8333333333,156.0,2026-10-28,35.0,True,False,https://www.tradingview.com/chart/?symbol=NYSE:VLTO,,R:R 1.51 < 2.0
EW,FAIL,86.81999969482422,84.44499969482422,79.18000244140624,91.5999984741211,1.3589748360556,0.4502370226410704,84.1500015258789,84.73999786376953,5.274999346051898,1.58,94.44,262399005.12365696,3022333.6333333333,262.0,2026-10-28,35.0,True,False,https://www.tradingview.com/chart/?symbol=NYSE:EW,,R:R 1.36 < 2.0
PR,FAIL,21.68000030517578,22.06280202072172,20.58543105210133,24.061764464624872,1.3530538276177462,-0.259110083842658,21.78944947590495,22.33615456553849,1.4773709686203884,2.59,88.49,223388921.5365059,10303916.9,262.0,2026-11-10,48.0,True,False,https://www.tradingview.com/chart/?symbol=NYSE:PR,,R:R 1.35 < 2.0
EOG,FAIL,141.83999633789062,142.40316821546645,133.49097898257338,153.0500030517578,1.1946374294877031,-0.0631911938648332,140.17967224121094,144.62666418972194,8.912189232893073,2.82,98.34,432445043.1548767,3048823.0,262.0,2026-10-29,36.0,True,False,https://www.tradingview.com/chart/?symbol=NYSE:EOG,,R:R 1.19 < 2.0
CTVA,FAIL,80.41999816894531,82.83213511559889,77.40771465088876,89.06017303466797,1.1481480758335538,-0.4446810423982278,81.84650421142578,83.817766019772,5.424420464710119,2.69,91.1,374977432.35493726,4662738.633333334,262.0,2026-11-11,49.0,True,False,https://www.tradingview.com/chart/?symbol=NYSE:CTVA,,R:R 1.15 < 2.0
CLH,FAIL,313.1499938964844,312.75,299.1500036621094,324.6300048828125,0.8735300060128627,0.0265764111286712,311.42999267578125,314.07000732421875,15.050711495535714,2.1,95.25,130812240.89537658,417730.3,262.0,2026-11-04,42.0,True,False,https://www.tradingview.com/chart/?symbol=NYSE:CLH,,R:R 0.87 < 2.0
GM,FAIL,83.7699966430664,83.46609300439289,78.50660688930606,87.76000213623047,0.8657971878932059,0.06127724357349,83.0777353887578,83.85445062002798,4.959486115086833,2.48,90.28,526051092.9484383,6279707.7,262.0,2026-10-20,27.0,True,False,https://www.tradingview.com/chart/?symbol=NYSE:GM,,R:R 0.87 < 2.0
VTR,FAIL,86.63999938964844,88.83964835100645,83.48132034872492,93.4499969482422,0.8604080592439842,-0.4105103234481766,88.52151204654766,89.15778465546525,5.358328002281518,3.99,104.67,278669601.59686023,3216408.1666666665,262.0,2026-10-29,36.0,True,False,https://www.tradingview.com/chart/?symbol=NYSE:VTR,,R:R 0.86 < 2.0
ECL,FAIL,276.7200012207031,275.3361285368607,262.4322847442124,285.990234375,0.82565365865706,0.1072449966133998,273.3269522781032,277.34530479561823,12.903843792648344,1.89,83.31,378204820.23638606,1366741.9,262.0,2026-11-03,41.0,True,False,https://www.tradingview.com/chart/?symbol=NYSE:ECL,,R:R 0.83 < 2.0
VOYA,FAIL,97.37000274658205,78.0189418205062,72.81825920854448,81.74494171142578,0.7164443918091966,3.720869426172594,77.40950012207031,78.62838351894207,5.200682611961731,3.2,103.64,102926616.69332124,1057067.0,262.0,2026-11-03,41.0,True,False,https://www.tradingview.com/chart/?symbol=NYSE:VOYA,,R:R 0.72 < 2.0
OKE,FAIL,90.54000091552734,93.93004216955649,88.54541642791592,97.5999984741211,0.6815620027561029,-0.629577879073966,92.92205810546876,94.9380262336442,5.384625741640557,4.13,84.22,329833562.5012291,3642959.566666667,262.0,2026-11-03,41.0,True,False,https://www.tradingview.com/chart/?symbol=NYSE:OKE,,R:R 0.68 < 2.0
SKY,FAIL,85.45999908447266,89.68000030517578,82.4932131086077,94.52999877929688,0.6748493229961122,-0.5871888376934703,88.81999969482422,90.54000091552734,7.186787196568081,4.96,111.18,50575646.21218643,591804.9,262.0,2026-11-03,41.0,True,False,https://www.tradingview.com/chart/?symbol=NYSE:SKY,,R:R 0.67 < 2.0
MDLZ,FAIL,61.43999862670898,62.52886340521021,59.24061373290966,64.7300033569336,0.6693956271828364,-0.3311381090291191,62.46639700820201,62.59132980221841,3.288249672300551,2.53,89.63,457156636.6937527,7440700.633333334,262.0,2026-11-03,41.0,True,False,https://www.tradingview.com/chart/?symbol=NASDAQ:MDLZ,,R:R 0.67 < 2.0
LECO,FAIL,265.3999938964844,276.3260958422859,259.5335499264488,286.8699951171875,0.6278916447658838,-0.6506519023715791,274.4068603515625,278.24533133300923,16.79254591583713,2.72,82.35,125670524.24323528,473513.6666666667,262.0,2026-10-22,29.0,True,False,https://www.tradingview.com/chart/?symbol=NASDAQ:LECO,,R:R 0.63 < 2.0
OVV,FAIL,59.72999954223633,63.57683986295442,59.44714124916968,65.9757722113199,0.5808976810941983,-0.9315063108667336,62.84023666381836,64.31344306209049,4.129698613784748,4.1,93.59,204477364.8999096,3423361.2333333334,262.0,2026-11-10,48.0,True,False,https://www.tradingview.com/chart/?symbol=NYSE:OVV,,R:R 0.58 < 2.0
CHD,FAIL,96.0199966430664,99.4866519335582,94.8245697253252,102.04883984305152,0.5495801650534272,-0.7435851912627911,99.27729034423828,99.69601352287812,4.662082208232994,4.98,95.29,167797162.195681,1747523.1,262.0,2026-10-30,37.0,True,False,https://www.tradingview.com/chart/?symbol=NYSE:CHD,,R:R 0.55 < 2.0
WTRG,FAIL,40.18000030517578,40.988507096248014,39.18065215004293,41.70000076293945,0.3935568327453215,-0.4472188395254768,40.89522933959961,41.08178485289641,1.8078549462050888,2.55,80.56,94828945.956913,2360103.1666666665,262.0,2026-11-09,47.0,True,False,https://www.tradingview.com/chart/?symbol=NYSE:WTRG,,R:R 0.39 < 2.0
DLR,FAIL,181.4499969482422,193.6868839475729,180.68659226374277,198.7869110107422,0.3923009719476278,-0.9412778802917962,191.68560791015625,195.6881599849896,13.000291683830191,2.28,104.88,364826230.7740876,2010615.8,262.0,2026-10-22,29.0,True,False,https://www.tradingview.com/chart/?symbol=NYSE:DLR,,R:R 0.39 < 2.0
APD,FAIL,286.9700012207031,304.5034262674059,288.83486740574176,309.9599914550781,0.3482493339590168,-1.1190196368091887,303.6139474453362,305.3929050894757,15.668558861664142,1.82,93.61,308761001.30373025,1075934.7666666666,262.0,2026-11-05,43.0,True,False,https://www.tradingview.com/chart/?symbol=NYSE:APD,,R:R 0.35 < 2.0
DAR,FAIL,61.36000061035156,65.06499862670898,59.87014089311872,66.66000366210938,0.3070353640460628,-0.7132049049968553,64.11000061035156,66.0199966430664,5.194857733590262,4.7,106.18,158048651.53478596,2575760.2666666666,262.0,2026-11-10,48.0,True,False,https://www.tradingview.com/chart/?symbol=NYSE:DAR,,R:R 0.31 < 2.0
ACAD,FAIL,25.43000030517578,,,,,,,,,,,38601452.00990804,1517949.3333333333,,,,False,False,https://www.tradingview.com/chart/?symbol=NASDAQ:ACAD,https://finviz.com/quote.ashx?t=ACAD,$vol(30d) $38.6M < $50M
ACHC,FAIL,28.51000022888184,,,,,,,,,,,44011175.304327205,1543710.1,,,,False,False,https://www.tradingview.com/chart/?symbol=NASDAQ:ACHC,https://finviz.com/quote.ashx?t=ACHC,$vol(30d) $44.0M < $50M
ACIW,FAIL,49.220001220703125,,,,,,,,,,,38913395.31042277,790601.2666666667,,,,False,False,https://www.tradingview.com/chart/?symbol=NASDAQ:ACIW,https://finviz.com/quote.ashx?t=ACIW,$vol(30d) $38.9M < $50M
ADEA,FAIL,25.049999237060547,,,,,,,,,,,21933874.52196732,875603.8,,,,False,False,https://www.tradingview.com/chart/?symbol=NASDAQ:ADEA,https://finviz.com/quote.ashx?t=ADEA,$vol(30d) $21.9M < $50M
ADUS,FAIL,114.93000030517578,,,,,,,,,,,23348673.16999817,203155.6,,,,False,False,https://www.tradingview.com/chart/?symbol=NASDAQ:ADUS,https://finviz.com/quote.ashx?t=ADUS,$vol(30d) $23.3M < $50M
AGIO,FAIL,34.189998626708984,,,,,,,,,,,31073565.43621839,908849.5666666668,,,,False,False,https://www.tradingview.com/chart/?symbol=NASDAQ:AGIO,https://finviz.com/quote.ashx?t=AGIO,$vol(30d) $31.1M < $50M
AGYS,FAIL,101.18000030517578,,,,,,,,,,,25160990.538556416,248675.53333333333,,,,False,False,https://www.tradingview.com/chart/?symbol=NASDAQ:AGYS,https://finviz.com/quote.ashx?t=AGYS,$vol(30d) $25.2M < $50M
AHR,FAIL,51.70000076293945,,,,,,,,,,,161341950.1809311,3120734.0,138.0,,,False,False,https://www.tradingview.com/chart/?symbol=NYSE:AHR,https://finviz.com/quote.ashx?t=AHR,history 138 weekly bars < ~3y (150)
AIN,FAIL,60.77000045776367,,,,,,,,,,,16593485.627994156,273053.9,,,,False,False,https://www.tradingview.com/chart/?symbol=NYSE:AIN,https://finviz.com/quote.ashx?t=AIN,$vol(30d) $16.6M < $50M
AIR,FAIL,119.45999908447266,,,,,,,,,,,49580144.43202362,415035.5333333333,,,,False,False,https://www.tradingview.com/chart/?symbol=NYSE:AIR,https://finviz.com/quote.ashx?t=AIR,$vol(30d) $49.6M < $50M
ALRM,FAIL,53.34999847412109,,,,,,,,,,,21507061.353203584,403131.43333333335,,,,False,False,https://www.tradingview.com/chart/?symbol=NASDAQ:ALRM,https://finviz.com/quote.ashx?t=ALRM,$vol(30d) $21.5M < $50M
AMN,FAIL,33.90999984741211,,,,,,,,,,,20325610.955872346,599398.7333333333,,,,False,False,https://www.tradingview.com/chart/?symbol=NYSE:AMN,https://finviz.com/quote.ashx?t=AMN,$vol(30d) $20.3M < $50M
ANAB,FAIL,50.77000045776367,,,,,,,,,,,23568683.15450516,464224.6,,,,False,False,https://www.tradingview.com/chart/?symbol=NASDAQ:ANAB,https://finviz.com/quote.ashx?t=ANAB,$vol(30d) $23.6M < $50M
APLE,FAIL,15.829999923706056,,,,,,,,,,,37083104.541275024,2342584.0,,,,False,False,https://www.tradingview.com/chart/?symbol=NYSE:APLE,https://finviz.com/quote.ashx?t=APLE,$vol(30d) $37.1M < $50M
ARCB,FAIL,131.0800018310547,,,,,,,,,,,34442039.48378702,262755.86666666664,,,,False,False,https://www.tradingview.com/chart/?symbol=NASDAQ:ARCB,https://finviz.com/quote.ashx?t=ARCB,$vol(30d) $34.4M < $50M
ARLO,FAIL,13.65999984741211,,,,,,,,,,,17524584.098909758,1282912.4666666666,,,,False,False,https://www.tradingview.com/chart/?symbol=NYSE:ARLO,https://finviz.com/quote.ashx?t=ARLO,$vol(30d) $17.5M < $50M
ASH,FAIL,69.01000213623047,,,,,,,,,,,40765926.61092453,590724.9,,,,False,False,https://www.tradingview.com/chart/?symbol=NYSE:ASH,https://finviz.com/quote.ashx?t=ASH,$vol(30d) $40.8M < $50M
ATEN,FAIL,26.75,,,,,,,,,,,32312819.433333334,1207955.8666666667,,,,False,False,https://www.tradingview.com/chart/?symbol=NYSE:ATEN,https://finviz.com/quote.ashx?t=ATEN,$vol(30d) $32.3M < $50M
ATEX,FAIL,83.9800033569336,,,,,,,,,,,28174157.396205906,335486.5,,,,False,False,https://www.tradingview.com/chart/?symbol=NASDAQ:ATEX,https://finviz.com/quote.ashx?t=ATEX,$vol(30d) $28.2M < $50M
AVNT,FAIL,40.970001220703125,,,,,,,,,,,29963557.884765625,731353.6,,,,False,False,https://www.tradingview.com/chart/?symbol=NYSE:AVNT,https://finviz.com/quote.ashx?t=AVNT,$vol(30d) $30.0M < $50M
AWK,FAIL,133.05999755859375,,,,,,,,,5.88,105.55,275681779.68374634,2071860.7,262.0,,,False,False,https://www.tradingview.com/chart/?symbol=NYSE:AWK,https://finviz.com/quote.ashx?t=AWK,short float 5.88% >= 5%
AWR,FAIL,83.23999786376953,,,,,,,,,,,17518856.430404663,210462.0,,,,False,False,https://www.tradingview.com/chart/?symbol=NYSE:AWR,https://finviz.com/quote.ashx?t=AWR,$vol(30d) $17.5M < $50M
AXGN,FAIL,43.31999969482422,,,,,,,,,,,48916018.051402025,1129178.6333333333,,,,False,False,https://www.tradingview.com/chart/?symbol=NASDAQ:AXGN,https://finviz.com/quote.ashx?t=AXGN,$vol(30d) $48.9M < $50M
AZZ,FAIL,137.8000030517578,,,,,,,,,,,32272847.988056947,234200.63333333333,,,,False,False,https://www.tradingview.com/chart/?symbol=NYSE:AZZ,https://finviz.com/quote.ashx?t=AZZ,$vol(30d) $32.3M < $50M
BANR,FAIL,68.06999969482422,,,,,,,,,,,20373788.825658925,299306.43333333335,,,,False,False,https://www.tradingview.com/chart/?symbol=NASDAQ:BANR,https://finviz.com/quote.ashx?t=BANR,$vol(30d) $20.4M < $50M
BCC,FAIL,77.76000213623047,,,,,,,,,,,23077483.83398692,296778.3333333333,,,,False,False,https://www.tradingview.com/chart/?symbol=NYSE:BCC,https://finviz.com/quote.ashx?t=BCC,$vol(30d) $23.1M < $50M
BCPC,FAIL,168.24000549316406,,,,,,,,,,,32116467.46462708,190896.7333333333,,,,False,False,https://www.tradingview.com/chart/?symbol=NASDAQ:BCPC,https://finviz.com/quote.ashx?t=BCPC,$vol(30d) $32.1M < $50M
BELFB,FAIL,254.0800018310547,,,,,,,,,,,38577229.22734426,151831.03333333333,,,,False,False,https://www.tradingview.com/chart/?symbol=NASDAQ:BELFB,https://finviz.com/quote.ashx?t=BELFB,$vol(30d) $38.6M < $50M
BFH,FAIL,99.19000244140624,,,,,,,,,,,49423207.442808025,498268.0333333333,,,,False,False,https://www.tradingview.com/chart/?symbol=NYSE:BFH,https://finviz.com/quote.ashx?t=BFH,$vol(30d) $49.4M < $50M
BHVN,FAIL,13.670000076293944,,,,,,,,,,,46703127.84532255,3416468.7333333334,,,,False,False,https://www.tradingview.com/chart/?symbol=NYSE:BHVN,https://finviz.com/quote.ashx?t=BHVN,$vol(30d) $46.7M < $50M
BILL,FAIL,45.91999816894531,,,,,,,,,15.41,105.13,101272926.75108694,2205420.966666667,262.0,,,False,False,https://www.tradingview.com/chart/?symbol=NYSE:BILL,https://finviz.com/quote.ashx?t=BILL,short float 15.41% >= 5%
BJRI,FAIL,61.540000915527344,,,,,,,,,,,27316552.021053568,443882.8666666666,,,,False,False,https://www.tradingview.com/chart/?symbol=NASDAQ:BJRI,https://finviz.com/quote.ashx?t=BJRI,$vol(30d) $27.3M < $50M
BMRN,FAIL,62.209999084472656,,,,,,,,,5.17,102.46,120825618.47350946,1942221.8333333333,262.0,,,False,False,https://www.tradingview.com/chart/?symbol=NASDAQ:BMRN,https://finviz.com/quote.ashx?t=BMRN,short float 5.17% >= 5%
BOX,FAIL,32.7599983215332,,,,,,,,,12.85,103.25,97327779.7493866,2970933.6,262.0,,,False,False,https://www.tradingview.com/chart/?symbol=NYSE:BOX,https://finviz.com/quote.ashx?t=BOX,short float 12.85% >= 5%
BRZE,FAIL,25.8700008392334,,,,,,,,,11.21,82.96,74622723.67179164,2884527.3,254.0,,,False,False,https://www.tradingview.com/chart/?symbol=NASDAQ:BRZE,https://finviz.com/quote.ashx?t=BRZE,short float 11.21% >= 5%
BTSG,FAIL,55.77999877929688,,,,,,,,,,,133711841.53781736,2397128.8,140.0,,,False,False,https://www.tradingview.com/chart/?symbol=NASDAQ:BTSG,https://finviz.com/quote.ashx?t=BTSG,history 140 weekly bars < ~3y (150)
CBRL,FAIL,47.52000045776367,,,,,,,,,,,44568118.221327975,937881.2666666668,,,,False,False,https://www.tradingview.com/chart/?symbol=NASDAQ:CBRL,https://finviz.com/quote.ashx?t=CBRL,$vol(30d) $44.6M < $50M
CBT,FAIL,78.80000305175781,,,,,,,,,,,29073576.32595825,368954.0,,,,False,False,https://www.tradingview.com/chart/?symbol=NYSE:CBT,https://finviz.com/quote.ashx?t=CBT,$vol(30d) $29.1M < $50M
CCSI,FAIL,35.79999923706055,,,,,,,,,,,6522997.334320704,182206.63333333333,,,,False,False,https://www.tradingview.com/chart/?symbol=NASDAQ:CCSI,https://finviz.com/quote.ashx?t=CCSI,$vol(30d) $6.5M < $50M
CDP,FAIL,33.77000045776367,,,,,,,,,,,27362374.758239493,810256.8666666667,,,,False,False,https://www.tradingview.com/chart/?symbol=NYSE:CDP,https://finviz.com/quote.ashx?t=CDP,$vol(30d) $27.4M < $50M
CF,FAIL,120.63999938964844,,,,,,,,,5.54,107.94,320190525.86806643,2654099.2,262.0,,,False,False,https://www.tradingview.com/chart/?symbol=NYSE:CF,https://finviz.com/quote.ashx?t=CF,short float 5.54% >= 5%
CFR,FAIL,154.25999450683594,,,,,,,,,6.67,92.6,77315268.64882049,501201.0333333333,262.0,,,False,False,https://www.tradingview.com/chart/?symbol=NYSE:CFR,https://finviz.com/quote.ashx?t=CFR,short float 6.67% >= 5%
CGEM,FAIL,16.8700008392334,,,,,,,,,,,16028945.822726697,950144.9333333332,,,,False,False,https://www.tradingview.com/chart/?symbol=NASDAQ:CGEM,https://finviz.com/quote.ashx?t=CGEM,$vol(30d) $16.0M < $50M
CGON,FAIL,73.36000061035156,,,,,,,,,,,56187911.2301473,765920.2666666667,140.0,,,False,False,https://www.tradingview.com/chart/?symbol=NASDAQ:CGON,https://finviz.com/quote.ashx?t=CGON,history 140 weekly bars < ~3y (150)
CHRD,FAIL,137.72000122070312,,,,,,,,,7.56,98.13,95379561.44407858,692561.4333333333,262.0,,,False,False,https://www.tradingview.com/chart/?symbol=NASDAQ:CHRD,https://finviz.com/quote.ashx?t=CHRD,short float 7.56% >= 5%
CLDT,FAIL,13.079999923706056,,,,,,,,,,,3559542.3472376503,272136.26666666666,,,,False,False,https://www.tradingview.com/chart/?symbol=NYSE:CLDT,https://finviz.com/quote.ashx?t=CLDT,$vol(30d) $3.6M < $50M
CLYM,FAIL,12.520000457763672,,,,,,,,,,,21159526.09898046,1690057.933333333,,,,False,False,https://www.tradingview.com/chart/?symbol=NASDAQ:CLYM,https://finviz.com/quote.ashx?t=CLYM,$vol(30d) $21.2M < $50M
CNMD,FAIL,45.79999923706055,,,,,,,,,,,14991565.663602827,327326.76666666666,,,,False,False,https://www.tradingview.com/chart/?symbol=NYSE:CNMD,https://finviz.com/quote.ashx?t=CNMD,$vol(30d) $15.0M < $50M
COLD,FAIL,14.369999885559082,,,,,,,,,,,48993094.374825,3409401.1666666665,,,,False,False,https://www.tradingview.com/chart/?symbol=NYSE:COLD,https://finviz.com/quote.ashx?t=COLD,$vol(30d) $49.0M < $50M
CPF,FAIL,36.31999969482422,,,,,,,,,,,6087866.338180542,167617.46666666667,,,,False,False,https://www.tradingview.com/chart/?symbol=NYSE:CPF,https://finviz.com/quote.ashx?t=CPF,$vol(30d) $6.1M < $50M
CPK,FAIL,129.63999938964844,,,,,,,,,,,21818848.35194244,168303.36666666667,,,,False,False,https://www.tradingview.com/chart/?symbol=NYSE:CPK,https://finviz.com/quote.ashx?t=CPK,$vol(30d) $21.8M < $50M
CROX,FAIL,124.62000274658205,,,,,,,,,9.97,101.14,131918871.6874466,1058569.0,262.0,,,False,False,https://www.tradingview.com/chart/?symbol=NASDAQ:CROX,https://finviz.com/quote.ashx?t=CROX,short float 9.97% >= 5%
CSW,FAIL,297.92999267578125,,,,,,,,,,,38155755.12799072,128069.53333333334,,,,False,False,https://www.tradingview.com/chart/?symbol=NYSE:CSW,https://finviz.com/quote.ashx?t=CSW,$vol(30d) $38.2M < $50M
CTS,FAIL,59.2400016784668,,,,,,,,,,,11637690.431067912,196449.86666666667,,,,False,False,https://www.tradingview.com/chart/?symbol=NYSE:CTS,https://finviz.com/quote.ashx?t=CTS,$vol(30d) $11.6M < $50M
CUBI,FAIL,76.72000122070312,,,,,,,,,,,19752413.3489502,257461.06666666668,,,,False,False,https://www.tradingview.com/chart/?symbol=NYSE:CUBI,https://finviz.com/quote.ashx?t=CUBI,$vol(30d) $19.8M < $50M
CURB,FAIL,28.15999984741211,,,,,,,,,,,42211221.18994077,1498978.0333333334,,,,False,False,https://www.tradingview.com/chart/?symbol=NYSE:CURB,https://finviz.com/quote.ashx?t=CURB,$vol(30d) $42.2M < $50M
CUZ,FAIL,28.25,,,,,,,,,,,38709321.43333333,1370241.4666666666,,,,False,False,https://www.tradingview.com/chart/?symbol=NYSE:CUZ,https://finviz.com/quote.ashx?t=CUZ,$vol(30d) $38.7M < $50M
CVBF,FAIL,22.01000022888184,,,,,,,,,,,25633257.853560064,1164618.7,,,,False,False,https://www.tradingview.com/chart/?symbol=NASDAQ:CVBF,https://finviz.com/quote.ashx?t=CVBF,$vol(30d) $25.6M < $50M
CVEO,FAIL,33.20000076293945,,,,,,,,,,,2690583.3951632185,81041.66666666667,,,,False,False,https://www.tradingview.com/chart/?symbol=NYSE:CVEO,https://finviz.com/quote.ashx?t=CVEO,$vol(30d) $2.7M < $50M
CVSA,FAIL,123.19000244140624,,,,,,,,,,,41063572.31447347,333335.26666666666,,,,False,False,https://www.tradingview.com/chart/?symbol=NYSE:CVSA,https://finviz.com/quote.ashx?t=CVSA,$vol(30d) $41.1M < $50M
CXT,FAIL,48.41999816894531,,,,,,,,,,,24473579.80050507,505443.63333333336,,,,False,False,https://www.tradingview.com/chart/?symbol=NYSE:CXT,https://finviz.com/quote.ashx?t=CXT,$vol(30d) $24.5M < $50M
CXW,FAIL,32.279998779296875,,,,,,,,,14.97,88.23,60541404.5585612,1875508.2666666664,262.0,,,False,False,https://www.tradingview.com/chart/?symbol=NYSE:CXW,https://finviz.com/quote.ashx?t=CXW,short float 14.97% >= 5%
CZR,FAIL,29.61000061035156,,,,,,,,,10.46,95.74,124978513.37318473,4220821.033333333,262.0,,,False,False,https://www.tradingview.com/chart/?symbol=NASDAQ:CZR,https://finviz.com/quote.ashx?t=CZR,short float 10.46% >= 5%
DAVE,FAIL,326.19000244140625,,,,,,,,,23.87,97.44,119805347.42669678,367287.0,262.0,,,False,False,https://www.tradingview.com/chart/?symbol=NASDAQ:DAVE,https://finviz.com/quote.ashx?t=DAVE,short float 23.87% >= 5%
DCO,FAIL,172.50999450683594,,,,,,,,,,,38885753.8777771,225411.6,,,,False,False,https://www.tradingview.com/chart/?symbol=NYSE:DCO,https://finviz.com/quote.ashx?t=DCO,$vol(30d) $38.9M < $50M
DCOM,FAIL,39.95000076293945,,,,,,,,,,,10835444.283595022,271225.13333333336,,,,False,False,https://www.tradingview.com/chart/?symbol=NYSE:DCOM,https://finviz.com/quote.ashx?t=DCOM,$vol(30d) $10.8M < $50M
DFTX,FAIL,37.650001525878906,,,,,,,,,7.75,84.37,85722457.19415893,2276824.8,262.0,,,False,False,https://www.tradingview.com/chart/?symbol=NASDAQ:DFTX,https://finviz.com/quote.ashx?t=DFTX,short float 7.75% >= 5%
DNTH,FAIL,93.44000244140624,,,,,,,,,18.12,115.66,69560220.01480713,744437.2666666667,262.0,,,False,False,https://www.tradingview.com/chart/?symbol=NASDAQ:DNTH,https://finviz.com/quote.ashx?t=DNTH,short float 18.12% >= 5%
DRH,FAIL,12.239999771118164,,,,,,,,,,,32226386.94938278,2632874.8,,,,False,False,https://www.tradingview.com/chart/?symbol=NASDAQ:DRH,https://finviz.com/quote.ashx?t=DRH,$vol(30d) $32.2M < $50M
DVA,FAIL,183.13999938964844,,,,,,,,,7.49,93.41,126178368.28748474,688972.2,262.0,,,False,False,https://www.tradingview.com/chart/?symbol=NYSE:DVA,https://finviz.com/quote.ashx?t=DVA,short float 7.49% >= 5%
EAT,FAIL,210.8000030517578,,,,,,,,,13.52,113.12,270242645.685644,1281985.9666666666,262.0,,,False,False,https://www.tradingview.com/chart/?symbol=NYSE:EAT,https://finviz.com/quote.ashx?t=EAT,short float 13.52% >= 5%
EBC,FAIL,21.13999938964844,,,,,,,,,,,45314401.17235463,2143538.433333333,,,,False,False,https://www.tradingview.com/chart/?symbol=NASDAQ:EBC,https://finviz.com/quote.ashx?t=EBC,$vol(30d) $45.3M < $50M
ECPG,FAIL,94.47000122070312,,,,,,,,,,,36291079.23293864,384154.5333333333,,,,False,False,https://www.tradingview.com/chart/?symbol=NASDAQ:ECPG,https://finviz.com/quote.ashx?t=ECPG,$vol(30d) $36.3M < $50M
EGP,FAIL,202.6000061035156,,,,,,,,,5.11,103.33,86387440.50916952,426394.06666666665,262.0,,,False,False,https://www.tradingview.com/chart/?symbol=NYSE:EGP,https://finviz.com/quote.ashx?t=EGP,short float 5.11% >= 5%
EIG,FAIL,47.790000915527344,,,,,,,,,,,7103438.830082702,148638.6,,,,False,False,https://www.tradingview.com/chart/?symbol=NYSE:EIG,https://finviz.com/quote.ashx?t=EIG,$vol(30d) $7.1M < $50M
ELVN,FAIL,46.09000015258789,,,,,,,,,14.11,96.06,55687279.403361134,1208229.1,262.0,,,False,False,https://www.tradingview.com/chart/?symbol=NASDAQ:ELVN,https://finviz.com/quote.ashx?t=ELVN,short float 14.11% >= 5%
EPC,FAIL,27.07999992370605,,,,,,,,,,,15040598.440291977,555413.5333333333,,,,False,False,https://www.tradingview.com/chart/?symbol=NYSE:EPC,https://finviz.com/quote.ashx?t=EPC,$vol(30d) $15.0M < $50M
EPR,FAIL,56.91999816894531,,,,,,,,,,,47915129.2346222,841797.8,,,,False,False,https://www.tradingview.com/chart/?symbol=NYSE:EPR,https://finviz.com/quote.ashx?t=EPR,$vol(30d) $47.9M < $50M
ETSY,FAIL,73.69999694824219,,,,,,,,,11.86,123.77,225102261.80900115,3054304.9,262.0,,,False,False,https://www.tradingview.com/chart/?symbol=NYSE:ETSY,https://finviz.com/quote.ashx?t=ETSY,short float 11.86% >= 5%
EWTX,FAIL,41.04999923706055,,,,,,,,,11.41,86.84,52906771.55002848,1288837.3333333333,262.0,,,False,False,https://www.tradingview.com/chart/?symbol=NASDAQ:EWTX,https://finviz.com/quote.ashx?t=EWTX,short float 11.41% >= 5%
EXTR,FAIL,22.030000686645508,,,,,,,,,,,30724677.989646908,1394674.4,,,,False,False,https://www.tradingview.com/chart/?symbol=NASDAQ:EXTR,https://finviz.com/quote.ashx?t=EXTR,$vol(30d) $30.7M < $50M
EZPW,FAIL,30.190000534057617,,,,,,,,,,,27739141.06903553,918818.8333333334,,,,False,False,https://www.tradingview.com/chart/?symbol=NASDAQ:EZPW,https://finviz.com/quote.ashx?t=EZPW,$vol(30d) $27.7M < $50M
FAF,FAIL,68.08999633789062,,,,,,,,,6.11,97.28,51666523.53553365,758797.5666666667,262.0,,,False,False,https://www.tradingview.com/chart/?symbol=NYSE:FAF,https://finviz.com/quote.ashx?t=FAF,short float 6.11% >= 5%
FBNC,FAIL,62.220001220703125,,,,,,,,,,,13254504.942042032,213026.4333333333,,,,False,False,https://www.tradingview.com/chart/?symbol=NASDAQ:FBNC,https://finviz.com/quote.ashx?t=FBNC,$vol(30d) $13.3M < $50M
FBP,FAIL,26.690000534057617,,,,,,,,,,,34177188.023206964,1280524.066666667,,,,False,False,https://www.tradingview.com/chart/?symbol=NYSE:FBP,https://finviz.com/quote.ashx?t=FBP,$vol(30d) $34.2M < $50M
FDS,FAIL,279.42999267578125,,,,,,,,,12.61,115.23,240713951.92824504,861446.3666666667,262.0,,,False,False,https://www.tradingview.com/chart/?symbol=NYSE:FDS,https://finviz.com/quote.ashx?t=FDS,short float 12.61% >= 5%
FFBC,FAIL,31.21999931335449,,,,,,,,,,,24097049.281348355,771846.5666666667,,,,False,False,https://www.tradingview.com/chart/?symbol=NASDAQ:FFBC,https://finviz.com/quote.ashx?t=FFBC,$vol(30d) $24.1M < $50M
FHI,FAIL,57.560001373291016,,,,,,,,,,,36254721.35964724,629859.6333333333,,,,False,False,https://www.tradingview.com/chart/?symbol=NYSE:FHI,https://finviz.com/quote.ashx?t=FHI,$vol(30d) $36.3M < $50M
FISI,FAIL,39.65999984741211,,,,,,,,,,,5854997.84547348,147629.8,,,,False,False,https://www.tradingview.com/chart/?symbol=NASDAQ:FISI,https://finviz.com/quote.ashx?t=FISI,$vol(30d) $5.9M < $50M
FLYW,FAIL,16.860000610351562,,,,,,,,,,,23399356.415083826,1387862.1333333333,,,,False,False,https://www.tradingview.com/chart/?symbol=NASDAQ:FLYW,https://finviz.com/quote.ashx?t=FLYW,$vol(30d) $23.4M < $50M
FOXF,FAIL,18.65999984741211,,,,,,,,,,,7984246.954710642,427880.3333333333,,,,False,False,https://www.tradingview.com/chart/?symbol=NASDAQ:FOXF,https://finviz.com/quote.ashx?t=FOXF,$vol(30d) $8.0M < $50M
FRST,FAIL,15.489999771118164,,,,,,,,,,,2456817.230364481,158606.66666666666,,,,False,False,https://www.tradingview.com/chart/?symbol=NASDAQ:FRST,https://finviz.com/quote.ashx?t=FRST,$vol(30d) $2.5M < $50M
FTDR,FAIL,73.94999694824219,,,,,,,,,,,37545922.03056031,507720.4,,,,False,False,https://www.tradingview.com/chart/?symbol=NASDAQ:FTDR,https://finviz.com/quote.ashx?t=FTDR,$vol(30d) $37.5M < $50M
FULT,FAIL,22.75,,,,,,,,,,,34968909.733333334,1537094.933333333,,,,False,False,https://www.tradingview.com/chart/?symbol=NASDAQ:FULT,https://finviz.com/quote.ashx?t=FULT,$vol(30d) $35.0M < $50M
FVR,FAIL,18.020000457763672,,,,,,,,,,,3365725.229499817,186777.2,,,,False,False,https://www.tradingview.com/chart/?symbol=NYSE:FVR,https://finviz.com/quote.ashx?t=FVR,$vol(30d) $3.4M < $50M
GCMG,FAIL,12.93000030517578,,,,,,,,,,,6220557.203818512,481094.9,,,,False,False,https://www.tradingview.com/chart/?symbol=NASDAQ:GCMG,https://finviz.com/quote.ashx?t=GCMG,$vol(30d) $6.2M < $50M
GCO,FAIL,34.15999984741211,,,,,,,,,,,8353068.472021357,244527.76666666663,,,,False,False,https://www.tradingview.com/chart/?symbol=NYSE:GCO,https://finviz.com/quote.ashx?t=GCO,$vol(30d) $8.4M < $50M
GDOT,FAIL,13.020000457763672,,,,,,,,,,,4209727.23600769,323327.73333333334,,,,False,False,https://www.tradingview.com/chart/?symbol=NYSE:GDOT,https://finviz.com/quote.ashx?t=GDOT,$vol(30d) $4.2M < $50M
GEN,FAIL,26.229999542236328,,,,,,,,,6.47,93.81,165647702.72679734,6315200.366666666,262.0,,,False,False,https://www.tradingview.com/chart/?symbol=NASDAQ:GEN,https://finviz.com/quote.ashx?t=GEN,short float 6.47% >= 5%
GEO,FAIL,30.6200008392334,,,,,,,,,8.48,95.15,69162490.05027314,2258735.7333333334,262.0,,,False,False,https://www.tradingview.com/chart/?symbol=NYSE:GEO,https://finviz.com/quote.ashx?t=GEO,short float 8.48% >= 5%
GEV,FAIL,951.8200073242188,,,,,,,,,,,2071099387.7296977,2175935.966666667,131.0,,,False,False,https://www.tradingview.com/chart/?symbol=NYSE:GEV,https://finviz.com/quote.ashx?t=GEV,history 131 weekly bars < ~3y (150)
GFF,FAIL,96.58999633789062,,,,,,,,,,,30923969.896883138,320157.06666666665,,,,False,False,https://www.tradingview.com/chart/?symbol=NYSE:GFF,https://finviz.com/quote.ashx?t=GFF,$vol(30d) $30.9M < $50M
GKOS,FAIL,153.49000549316406,,,,,,,,,6.75,103.76,110174824.07931568,717798.0333333333,262.0,,,False,False,https://www.tradingview.com/chart/?symbol=NYSE:GKOS,https://finviz.com/quote.ashx?t=GKOS,short float 6.75% >= 5%
GPC,FAIL,128.75999450683594,,,,,,,,,5.47,96.05,135746473.1807785,1054259.7,262.0,,,False,False,https://www.tradingview.com/chart/?symbol=NYSE:GPC,https://finviz.com/quote.ashx?t=GPC,short float 5.47% >= 5%
GPN,FAIL,84.0,,,,,,,,,7.35,93.11,214822269.2,2557407.966666667,262.0,,,False,False,https://www.tradingview.com/chart/?symbol=NYSE:GPN,https://finviz.com/quote.ashx?t=GPN,short float 7.35% >= 5%
GPRE,FAIL,15.109999656677246,,,,,,,,,,,23408090.12879836,1549178.7333333334,,,,False,False,https://www.tradingview.com/chart/?symbol=NASDAQ:GPRE,https://finviz.com/quote.ashx?t=GPRE,$vol(30d) $23.4M < $50M
GRPN,FAIL,20.040000915527344,,,,,,,,,,,23425507.902194213,1168937.4666666666,,,,False,False,https://www.tradingview.com/chart/?symbol=NASDAQ:GRPN,https://finviz.com/quote.ashx?t=GRPN,$vol(30d) $23.4M < $50M
GTES,FAIL,26.36000061035156,,,,,,,,,,,45732062.59090118,1734903.7,,,,False,False,https://www.tradingview.com/chart/?symbol=NYSE:GTES,https://finviz.com/quote.ashx?t=GTES,$vol(30d) $45.7M < $50M
HAFC,FAIL,31.57999992370605,,,,,,,,,,,6552442.602169991,207487.1,,,,False,False,https://www.tradingview.com/chart/?symbol=NASDAQ:HAFC,https://finviz.com/quote.ashx?t=HAFC,$vol(30d) $6.6M < $50M
HBNC,FAIL,19.020000457763672,,,,,,,,,,,9019947.381087491,474234.8666666666,,,,False,False,https://www.tradingview.com/chart/?symbol=NASDAQ:HBNC,https://finviz.com/quote.ashx?t=HBNC,$vol(30d) $9.0M < $50M
HCC,FAIL,90.23999786376952,,,,,,,,,7.79,97.91,54532349.55706838,604303.5333333333,262.0,,,False,False,https://www.tradingview.com/chart/?symbol=NYSE:HCC,https://finviz.com/quote.ashx?t=HCC,short float 7.79% >= 5%
HCSG,FAIL,21.25,,,,,,,,,,,14225206.875,669421.5,,,,False,False,https://www.tradingview.com/chart/?symbol=NASDAQ:HCSG,https://finviz.com/quote.ashx?t=HCSG,$vol(30d) $14.2M < $50M
HESM,FAIL,38.77999877929688,,,,,,,,,5.06,89.59,50882462.09100647,1312080.0333333334,262.0,,,False,False,https://www.tradingview.com/chart/?symbol=NYSE:HESM,https://finviz.com/quote.ashx?t=HESM,short float 5.06% >= 5%
HFWA,FAIL,27.950000762939453,,,,,,,,,,,10279087.930583954,367767.0,,,,False,False,https://www.tradingview.com/chart/?symbol=NASDAQ:HFWA,https://finviz.com/quote.ashx?t=HFWA,$vol(30d) $10.3M < $50M
HIW,FAIL,29.690000534057617,,,,,,,,,,,31685439.738617837,1067209.1333333333,,,,False,False,https://www.tradingview.com/chart/?symbol=NYSE:HIW,https://finviz.com/quote.ashx?t=HIW,$vol(30d) $31.7M < $50M
HOG,FAIL,25.979999542236328,,,,,,,,,,,46484338.33695298,1789235.5333333334,,,,False,False,https://www.tradingview.com/chart/?symbol=NYSE:HOG,https://finviz.com/quote.ashx?t=HOG,$vol(30d) $46.5M < $50M
HOPE,FAIL,13.619999885559082,,,,,,,,,,,11809534.16077137,867073.0,,,,False,False,https://www.tradingview.com/chart/?symbol=NASDAQ:HOPE,https://finviz.com/quote.ashx?t=HOPE,$vol(30d) $11.8M < $50M
HP,FAIL,39.560001373291016,,,,,,,,,,,48946148.39645627,1237263.566666667,,,,False,False,https://www.tradingview.com/chart/?symbol=NYSE:HP,https://finviz.com/quote.ashx?t=HP,$vol(30d) $48.9M < $50M
HPP,FAIL,11.6899995803833,,,,,,,,,,,7031536.695933819,601500.1666666666,,,,False,False,https://www.tradingview.com/chart/?symbol=NYSE:HPP,https://finviz.com/quote.ashx?t=HPP,$vol(30d) $7.0M < $50M
HQY,FAIL,90.38999938964844,,,,,,,,,5.61,109.55,80658813.92635752,892342.2333333333,262.0,,,False,False,https://www.tradingview.com/chart/?symbol=NASDAQ:HQY,https://finviz.com/quote.ashx?t=HQY,short float 5.61% >= 5%
HRB,FAIL,42.540000915527344,,,,,,,,,13.82,104.97,91867728.33513716,2159561.033333333,262.0,,,False,False,https://www.tradingview.com/chart/?symbol=NYSE:HRB,https://finviz.com/quote.ashx?t=HRB,short float 13.82% >= 5%
HSIC,FAIL,85.05000305175781,,,,,,,,,8.62,98.68,87669701.90575765,1030801.8666666668,262.0,,,False,False,https://www.tradingview.com/chart/?symbol=NASDAQ:HSIC,https://finviz.com/quote.ashx?t=HSIC,short float 8.62% >= 5%
HST,FAIL,22.149999618530277,,,,,,,,,5.83,105.98,183381941.4934427,8279094.566666666,262.0,,,False,False,https://www.tradingview.com/chart/?symbol=NASDAQ:HST,https://finviz.com/quote.ashx?t=HST,short float 5.83% >= 5%
HTO,FAIL,62.20000076293945,,,,,,,,,,,24730415.523340985,397595.1,,,,False,False,https://www.tradingview.com/chart/?symbol=NASDAQ:HTO,https://finviz.com/quote.ashx?t=HTO,$vol(30d) $24.7M < $50M
HWC,FAIL,72.38999938964844,,,,,,,,,6.94,97.67,53256784.45196889,735692.5666666667,262.0,,,False,False,https://www.tradingview.com/chart/?symbol=NASDAQ:HWC,https://finviz.com/quote.ashx?t=HWC,short float 6.94% >= 5%
IART,FAIL,15.529999732971191,,,,,,,,,,,12082333.062585035,777999.5666666667,,,,False,False,https://www.tradingview.com/chart/?symbol=NASDAQ:IART,https://finviz.com/quote.ashx?t=IART,$vol(30d) $12.1M < $50M
IBCP,FAIL,35.29999923706055,,,,,,,,,,,6020117.1732204445,170541.56666666668,,,,False,False,https://www.tradingview.com/chart/?symbol=NASDAQ:IBCP,https://finviz.com/quote.ashx?t=IBCP,$vol(30d) $6.0M < $50M
ICFI,FAIL,83.68000030517578,,,,,,,,,,,14885997.03562164,177891.93333333332,,,,False,False,https://www.tradingview.com/chart/?symbol=NASDAQ:ICFI,https://finviz.com/quote.ashx?t=ICFI,$vol(30d) $14.9M < $50M
ICHR,FAIL,58.400001525878906,,,,,,,,,,,39127173.68898392,669985.8333333334,,,,False,False,https://www.tradingview.com/chart/?symbol=NASDAQ:ICHR,https://finviz.com/quote.ashx?t=ICHR,$vol(30d) $39.1M < $50M
ICUI,FAIL,163.32000732421875,,,,,,,,,,,39102408.23757935,239422.03333333333,,,,False,False,https://www.tradingview.com/chart/?symbol=NASDAQ:ICUI,https://finviz.com/quote.ashx?t=ICUI,$vol(30d) $39.1M < $50M
IDYA,FAIL,37.459999084472656,,,,,,,,,,,28952705.928392027,772896.6,,,,False,False,https://www.tradingview.com/chart/?symbol=NASDAQ:IDYA,https://finviz.com/quote.ashx?t=IDYA,$vol(30d) $29.0M < $50M
IMNM,FAIL,24.239999771118164,,,,,,,,,,,28594238.202004053,1179630.3,,,,False,False,https://www.tradingview.com/chart/?symbol=NASDAQ:IMNM,https://finviz.com/quote.ashx?t=IMNM,$vol(30d) $28.6M < $50M
INDV,FAIL,35.90999984741211,,,,,,,,,9.34,91.69,73784777.03247553,2054713.933333333,262.0,,,False,False,https://www.tradingview.com/chart/?symbol=NASDAQ:INDV,https://finviz.com/quote.ashx?t=INDV,short float 9.34% >= 5%
INTA,FAIL,36.459999084472656,,,,,,,,,,,22414260.84783427,614763.0666666667,,,,False,False,https://www.tradingview.com/chart/?symbol=NASDAQ:INTA,https://finviz.com/quote.ashx?t=INTA,$vol(30d) $22.4M < $50M
JANX,FAIL,16.520000457763672,,,,,,,,,,,15093577.163571294,913654.7666666668,,,,False,False,https://www.tradingview.com/chart/?symbol=NASDAQ:JANX,https://finviz.com/quote.ashx?t=JANX,$vol(30d) $15.1M < $50M
JXN,FAIL,129.72999572753906,,,,,,,,,5.47,87.24,97942138.117424,754969.1,262.0,,,False,False,https://www.tradingview.com/chart/?symbol=NYSE:JXN,https://finviz.com/quote.ashx?t=JXN,short float 5.47% >= 5%
KALU,FAIL,156.25999450683594,,,,,,,,,,,34738388.56013998,222311.46666666667,,,,False,False,https://www.tradingview.com/chart/?symbol=NASDAQ:KALU,https://finviz.com/quote.ashx?t=KALU,$vol(30d) $34.7M < $50M
KFRC,FAIL,52.06999969482422,,,,,,,,,,,13822838.838319397,265466.4666666667,,,,False,False,https://www.tradingview.com/chart/?symbol=NYSE:KFRC,https://finviz.com/quote.ashx?t=KFRC,$vol(30d) $13.8M < $50M
KFY,FAIL,73.95999908447266,,,,,,,,,,,34248513.78671519,463068.06666666665,,,,False,False,https://www.tradingview.com/chart/?symbol=NYSE:KFY,https://finviz.com/quote.ashx?t=KFY,$vol(30d) $34.2M < $50M
KMX,FAIL,57.459999084472656,,,,,,,,,8.05,103.0,111656044.21161751,1943196.066666667,262.0,,,False,False,https://www.tradingview.com/chart/?symbol=NYSE:KMX,https://finviz.com/quote.ashx?t=KMX,short float 8.05% >= 5%
KNX,FAIL,67.16999816894531,,,,,,,,,6.97,100.88,225305620.146167,3354259.7333333334,262.0,,,False,False,https://www.tradingview.com/chart/?symbol=NYSE:KNX,https://finviz.com/quote.ashx?t=KNX,short float 6.97% >= 5%
KOP,FAIL,46.2599983215332,,,,,,,,,,,8659833.135792414,187199.16666666663,,,,False,False,https://www.tradingview.com/chart/?symbol=NYSE:KOP,https://finviz.com/quote.ashx?t=KOP,$vol(30d) $8.7M < $50M
KRYS,FAIL,341.75,,,,,,,,,12.89,99.09,84591144.73333333,247523.46666666667,262.0,,,False,False,https://www.tradingview.com/chart/?symbol=NASDAQ:KRYS,https://finviz.com/quote.ashx?t=KRYS,short float 12.89% >= 5%
KURA,FAIL,11.039999961853027,,,,,,,,,,,25207922.63289801,2283326.333333333,,,,False,False,https://www.tradingview.com/chart/?symbol=NASDAQ:KURA,https://finviz.com/quote.ashx?t=KURA,$vol(30d) $25.2M < $50M
KWR,FAIL,158.86000061035156,,,,,,,,,,,24108048.27329153,151756.56666666668,,,,False,False,https://www.tradingview.com/chart/?symbol=NYSE:KWR,https://finviz.com/quote.ashx?t=KWR,$vol(30d) $24.1M < $50M
LAUR,FAIL,36.720001220703125,,,,,,,,,,,34112533.51802164,928990.5333333332,,,,False,False,https://www.tradingview.com/chart/?symbol=NASDAQ:LAUR,https://finviz.com/quote.ashx?t=LAUR,$vol(30d) $34.1M < $50M
LBRX,FAIL,39.18999862670898,,,,,,,,,,,11497799.549762215,293386.06666666665,,,,False,False,https://www.tradingview.com/chart/?symbol=NASDAQ:LBRX,https://finviz.com/quote.ashx?t=LBRX,$vol(30d) $11.5M < $50M
LIND,FAIL,27.229999542236328,,,,,,,,,,,23100499.31365738,848347.4,,,,False,False,https://www.tradingview.com/chart/?symbol=NASDAQ:LIND,https://finviz.com/quote.ashx?t=LIND,$vol(30d) $23.1M < $50M
LNC,FAIL,41.08000183105469,,,,,,,,,7.29,86.07,78083081.8697225,1900756.5333333332,262.0,,,False,False,https://www.tradingview.com/chart/?symbol=NYSE:LNC,https://finviz.com/quote.ashx?t=LNC,short float 7.29% >= 5%
LNTH,FAIL,99.97000122070312,,,,,,,,,6.72,116.53,114408135.32366943,1144424.6666666667,262.0,,,False,False,https://www.tradingview.com/chart/?symbol=NASDAQ:LNTH,https://finviz.com/quote.ashx?t=LNTH,short float 6.72% >= 5%
LOCO,FAIL,14.279999732971191,,,,,,,,,,,3228275.7316328683,226069.7333333333,,,,False,False,https://www.tradingview.com/chart/?symbol=NASDAQ:LOCO,https://finviz.com/quote.ashx?t=LOCO,$vol(30d) $3.2M < $50M
LYV,FAIL,169.02999877929688,,,,,,,,,15.1,84.95,316772922.9456583,1874063.3333333333,262.0,,,False,False,https://www.tradingview.com/chart/?symbol=NYSE:LYV,https://finviz.com/quote.ashx?t=LYV,short float 15.10% >= 5%
M,FAIL,22.239999771118164,,,,,,,,,12.44,99.51,140536309.583011,6319078.733333333,262.0,,,False,False,https://www.tradingview.com/chart/?symbol=NYSE:M,https://finviz.com/quote.ashx?t=M,short float 12.44% >= 5%
MAC,FAIL,22.670000076293945,,,,,,,,,10.76,111.17,67643489.80364837,2983832.8,262.0,,,False,False,https://www.tradingview.com/chart/?symbol=NYSE:MAC,https://finviz.com/quote.ashx?t=MAC,short float 10.76% >= 5%
MBIN,FAIL,51.369998931884766,,,,,,,,,,,10415561.804766849,202755.7333333333,,,,False,False,https://www.tradingview.com/chart/?symbol=NASDAQ:MBIN,https://finviz.com/quote.ashx?t=MBIN,$vol(30d) $10.4M < $50M
MBX,FAIL,57.88999938964844,,,,,,,,,,,26803052.35040741,462999.7,,,,False,False,https://www.tradingview.com/chart/?symbol=NASDAQ:MBX,https://finviz.com/quote.ashx?t=MBX,$vol(30d) $26.8M < $50M
MD,FAIL,25.86000061035156,,,,,,,,,,,19271396.55084636,745220.2666666667,,,,False,False,https://www.tradingview.com/chart/?symbol=NYSE:MD,https://finviz.com/quote.ashx?t=MD,$vol(30d) $19.3M < $50M
MDGL,FAIL,513.02001953125,,,,,,,,,10.41,103.59,119390514.86466472,232720.96666666667,262.0,,,False,False,https://www.tradingview.com/chart/?symbol=NASDAQ:MDGL,https://finviz.com/quote.ashx?t=MDGL,short float 10.41% >= 5%
MEI,FAIL,14.829999923706056,,,,,,,,,,,11013526.137340166,742651.8,,,,False,False,https://www.tradingview.com/chart/?symbol=NYSE:MEI,https://finviz.com/quote.ashx?t=MEI,$vol(30d) $11.0M < $50M
MGRC,FAIL,113.23999786376952,,,,,,,,,,,15254107.152236938,134706.0,,,,False,False,https://www.tradingview.com/chart/?symbol=NASDAQ:MGRC,https://finviz.com/quote.ashx?t=MGRC,$vol(30d) $15.3M < $50M
MHK,FAIL,121.2300033569336,,,,,,,,,7.7,80.51,120022576.7694992,990040.2,262.0,,,False,False,https://www.tradingview.com/chart/?symbol=NYSE:MHK,https://finviz.com/quote.ashx?t=MHK,short float 7.70% >= 5%
MITK,FAIL,17.690000534057617,,,,,,,,,,,11866254.230239868,670788.8,,,,False,False,https://www.tradingview.com/chart/?symbol=NASDAQ:MITK,https://finviz.com/quote.ashx?t=MITK,$vol(30d) $11.9M < $50M
MLKN,FAIL,20.040000915527344,,,,,,,,,,,13043041.275871277,650850.3333333334,,,,False,False,https://www.tradingview.com/chart/?symbol=NASDAQ:MLKN,https://finviz.com/quote.ashx?t=MLKN,$vol(30d) $13.0M < $50M
MOH,FAIL,189.3699951171875,,,,,,,,,5.99,108.8,112966783.1995402,596540.0333333333,262.0,,,False,False,https://www.tradingview.com/chart/?symbol=NYSE:MOH,https://finviz.com/quote.ashx?t=MOH,short float 5.99% >= 5%
MSA,FAIL,182.83999633789065,,,,,,,,,,,44050000.85238749,240921.03333333333,,,,False,False,https://www.tradingview.com/chart/?symbol=NYSE:MSA,https://finviz.com/quote.ashx?t=MSA,$vol(30d) $44.1M < $50M
MSGE,FAIL,78.48999786376953,,,,,,,,,,,33297291.14342778,424223.3666666666,,,,False,False,https://www.tradingview.com/chart/?symbol=NYSE:MSGE,https://finviz.com/quote.ashx?t=MSGE,$vol(30d) $33.3M < $50M
MTN,FAIL,140.0500030517578,,,,,,,,,16.42,130.38,99870296.7378891,713104.5666666667,262.0,,,False,False,https://www.tradingview.com/chart/?symbol=NYSE:MTN,https://finviz.com/quote.ashx?t=MTN,short float 16.42% >= 5%
MUR,FAIL,36.209999084472656,,,,,,,,,7.81,89.03,60448506.56963043,1669387.1333333333,262.0,,,False,False,https://www.tradingview.com/chart/?symbol=NYSE:MUR,https://finviz.com/quote.ashx?t=MUR,short float 7.81% >= 5%
MYE,FAIL,31.82999992370605,,,,,,,,,,,10152656.9866649,318965.0333333333,,,,False,False,https://www.tradingview.com/chart/?symbol=NYSE:MYE,https://finviz.com/quote.ashx?t=MYE,$vol(30d) $10.2M < $50M
NATL,FAIL,45.77000045776367,,,,,,,,,,,31011752.161160663,677556.3,,,,False,False,https://www.tradingview.com/chart/?symbol=NYSE:NATL,https://finviz.com/quote.ashx?t=NATL,$vol(30d) $31.0M < $50M
NCNO,FAIL,19.229999542236328,,,,,,,,,19.42,119.82,50890509.24056854,2646412.4,262.0,,,False,False,https://www.tradingview.com/chart/?symbol=NASDAQ:NCNO,https://finviz.com/quote.ashx?t=NCNO,short float 19.42% >= 5%
NGVT,FAIL,71.75,,,,,,,,,,,17481430.691666666,243643.63333333333,,,,False,False,https://www.tradingview.com/chart/?symbol=NYSE:NGVT,https://finviz.com/quote.ashx?t=NGVT,$vol(30d) $17.5M < $50M
NMIH,FAIL,42.18999862670898,,,,,,,,,,,20495659.44352977,485794.26666666666,,,,False,False,https://www.tradingview.com/chart/?symbol=NASDAQ:NMIH,https://finviz.com/quote.ashx?t=NMIH,$vol(30d) $20.5M < $50M
NOV,FAIL,20.280000686645508,,,,,,,,,7.05,103.7,62373312.07185173,3075607.0,262.0,,,False,False,https://www.tradingview.com/chart/?symbol=NYSE:NOV,https://finviz.com/quote.ashx?t=NOV,short float 7.05% >= 5%
NOVT,FAIL,144.42999267578125,,,,,,,,,13.03,120.5,52020101.49799805,360175.2,262.0,,,False,False,https://www.tradingview.com/chart/?symbol=NASDAQ:NOVT,https://finviz.com/quote.ashx?t=NOVT,short float 13.03% >= 5%
NPO,FAIL,305.4599914550781,,,,,,,,,,,45917591.0215037,150322.76666666666,,,,False,False,https://www.tradingview.com/chart/?symbol=NYSE:NPO,https://finviz.com/quote.ashx?t=NPO,$vol(30d) $45.9M < $50M
NRIX,FAIL,23.8799991607666,,,,,,,,,,,30297994.89921398,1268760.3,,,,False,False,https://www.tradingview.com/chart/?symbol=NASDAQ:NRIX,https://finviz.com/quote.ashx?t=NRIX,$vol(30d) $30.3M < $50M
NSP,FAIL,48.84999847412109,,,,,,,,,,,18105636.42445221,370637.4,,,,False,False,https://www.tradingview.com/chart/?symbol=NYSE:NSP,https://finviz.com/quote.ashx?t=NSP,$vol(30d) $18.1M < $50M
NWPX,FAIL,102.62000274658205,,,,,,,,,,,14454584.955537667,140855.43333333332,,,,False,False,https://www.tradingview.com/chart/?symbol=NASDAQ:NWPX,https://finviz.com/quote.ashx?t=NWPX,$vol(30d) $14.5M < $50M
NX,FAIL,19.82999992370605,,,,,,,,,,,8642882.99274737,435848.8666666666,,,,False,False,https://www.tradingview.com/chart/?symbol=NYSE:NX,https://finviz.com/quote.ashx?t=NX,$vol(30d) $8.6M < $50M
OFG,FAIL,51.560001373291016,,,,,,,,,,,13425834.220261255,260392.4333333333,,,,False,False,https://www.tradingview.com/chart/?symbol=NYSE:OFG,https://finviz.com/quote.ashx?t=OFG,$vol(30d) $13.4M < $50M
OII,FAIL,46.2400016784668,,,,,,,,,,,42567173.75848007,920570.3333333334,,,,False,False,https://www.tradingview.com/chart/?symbol=NYSE:OII,https://finviz.com/quote.ashx?t=OII,$vol(30d) $42.6M < $50M
ONB,FAIL,24.739999771118164,,,,,,,,,5.17,86.55,89381209.68042405,3612821.7666666666,262.0,,,False,False,https://www.tradingview.com/chart/?symbol=NASDAQ:ONB,https://finviz.com/quote.ashx?t=ONB,short float 5.17% >= 5%
OPLN,FAIL,34.189998626708984,,,,,,,,,,,48934861.76979344,1431262.4666666666,,,,False,False,https://www.tradingview.com/chart/?symbol=NYSE:OPLN,https://finviz.com/quote.ashx?t=OPLN,$vol(30d) $48.9M < $50M
ORKA,FAIL,89.92500305175781,,,,,,,,,13.26,103.55,80411132.56638844,894202.1666666666,262.0,,,False,False,https://www.tradingview.com/chart/?symbol=NASDAQ:ORKA,https://finviz.com/quote.ashx?t=ORKA,short float 13.26% >= 5%
PARR,FAIL,76.97000122070312,,,,,,,,,9.6,101.86,72203559.49077657,938074.0333333332,262.0,,,False,False,https://www.tradingview.com/chart/?symbol=NYSE:PARR,https://finviz.com/quote.ashx?t=PARR,short float 9.60% >= 5%
PAYX,FAIL,104.48999786376952,,,,,,,,,6.39,85.78,292556627.0228688,2799852.933333333,262.0,,,False,False,https://www.tradingview.com/chart/?symbol=NASDAQ:PAYX,https://finviz.com/quote.ashx?t=PAYX,short float 6.39% >= 5%
PBI,FAIL,16.270000457763672,,,,,,,,,,,25909971.39032186,1592499.7333333334,,,,False,False,https://www.tradingview.com/chart/?symbol=NYSE:PBI,https://finviz.com/quote.ashx?t=PBI,$vol(30d) $25.9M < $50M
PCRX,FAIL,24.6299991607666,,,,,,,,,,,13064680.105838966,530437.7,,,,False,False,https://www.tradingview.com/chart/?symbol=NASDAQ:PCRX,https://finviz.com/quote.ashx?t=PCRX,$vol(30d) $13.1M < $50M
PCTY,FAIL,143.5800018310547,,,,,,,,,7.51,88.05,91715464.03563385,638776.0333333333,262.0,,,False,False,https://www.tradingview.com/chart/?symbol=NASDAQ:PCTY,https://finviz.com/quote.ashx?t=PCTY,short float 7.51% >= 5%
PCVX,FAIL,56.494998931884766,,,,,,,,,10.33,111.43,65216331.53266271,1154373.5333333334,262.0,,,False,False,https://www.tradingview.com/chart/?symbol=NASDAQ:PCVX,https://finviz.com/quote.ashx?t=PCVX,short float 10.33% >= 5%
PEB,FAIL,18.21999931335449,,,,,,,,,,,35597242.27580274,1953745.5333333332,,,,False,False,https://www.tradingview.com/chart/?symbol=NYSE:PEB,https://finviz.com/quote.ashx?t=PEB,$vol(30d) $35.6M < $50M
PENG,FAIL,53.880001068115234,,,,,,,,,13.2,121.92,78596188.97008806,1458726.566666667,262.0,,,False,False,https://www.tradingview.com/chart/?symbol=NASDAQ:PENG,https://finviz.com/quote.ashx?t=PENG,short float 13.20% >= 5%
PGNY,FAIL,25.82999992370605,,,,,,,,,,,28016426.76124802,1084646.8,,,,False,False,https://www.tradingview.com/chart/?symbol=NASDAQ:PGNY,https://finviz.com/quote.ashx?t=PGNY,$vol(30d) $28.0M < $50M
PK,FAIL,15.06999969482422,,,,,,,,,17.86,108.58,53600764.9392217,3556786.066666667,262.0,,,False,False,https://www.tradingview.com/chart/?symbol=NYSE:PK,https://finviz.com/quote.ashx?t=PK,short float 17.86% >= 5%
PLMR,FAIL,127.20999908447266,,,,,,,,,,,26809053.59138921,210746.4333333333,,,,False,False,https://www.tradingview.com/chart/?symbol=NASDAQ:PLMR,https://finviz.com/quote.ashx?t=PLMR,$vol(30d) $26.8M < $50M
PRGS,FAIL,41.02999877929688,,,,,,,,,,,19743833.724258423,481204.8333333333,,,,False,False,https://www.tradingview.com/chart/?symbol=NASDAQ:PRGS,https://finviz.com/quote.ashx?t=PRGS,$vol(30d) $19.7M < $50M
PRSU,FAIL,48.08000183105469,,,,,,,,,,,10689908.876442464,222335.86666666667,,,,False,False,https://www.tradingview.com/chart/?symbol=NYSE:PRSU,https://finviz.com/quote.ashx?t=PRSU,$vol(30d) $10.7M < $50M
PSMT,FAIL,172.63999938964844,,,,,,,,,,,37338314.35332744,216278.46666666667,,,,False,False,https://www.tradingview.com/chart/?symbol=NASDAQ:PSMT,https://finviz.com/quote.ashx?t=PSMT,$vol(30d) $37.3M < $50M
PSTL,FAIL,23.399999618530277,,,,,,,,,,,8968708.953790983,383278.1666666667,,,,False,False,https://www.tradingview.com/chart/?symbol=NYSE:PSTL,https://finviz.com/quote.ashx?t=PSTL,$vol(30d) $9.0M < $50M
PTEN,FAIL,11.06999969482422,,,,,,,,,10.3,112.64,88485022.66466065,7993227.2,262.0,,,False,False,https://www.tradingview.com/chart/?symbol=NASDAQ:PTEN,https://finviz.com/quote.ashx?t=PTEN,short float 10.30% >= 5%
PTGX,FAIL,138.6999969482422,,,,,,,,,12.6,115.13,77886275.91630097,561544.9,262.0,,,False,False,https://www.tradingview.com/chart/?symbol=NASDAQ:PTGX,https://finviz.com/quote.ashx?t=PTGX,short float 12.60% >= 5%
PVLA,FAIL,149.55999755859375,,,,,,,,,,,30643253.178448487,204889.36666666667,,,,False,False,https://www.tradingview.com/chart/?symbol=NASDAQ:PVLA,https://finviz.com/quote.ashx?t=PVLA,$vol(30d) $30.6M < $50M
RAMP,FAIL,37.43999862670898,,,,,,,,,,,44013535.121593095,1175575.2333333334,,,,False,False,https://www.tradingview.com/chart/?symbol=NYSE:RAMP,https://finviz.com/quote.ashx?t=RAMP,$vol(30d) $44.0M < $50M
RELY,FAIL,20.190000534057617,,,,,,,,,8.76,85.4,78649497.63540427,3895467.8333333335,262.0,,,False,False,https://www.tradingview.com/chart/?symbol=NASDAQ:RELY,https://finviz.com/quote.ashx?t=RELY,short float 8.76% >= 5%
RHI,FAIL,37.36000061035156,,,,,,,,,21.94,124.41,72181949.57923889,1932065.0,262.0,,,False,False,https://www.tradingview.com/chart/?symbol=NYSE:RHI,https://finviz.com/quote.ashx?t=RHI,short float 21.94% >= 5%
RLAY,FAIL,18.030000686645508,,,,,,,,,25.38,98.97,54541312.209124,3025031.066666667,262.0,,,False,False,https://www.tradingview.com/chart/?symbol=NASDAQ:RLAY,https://finviz.com/quote.ashx?t=RLAY,short float 25.38% >= 5%
RLJ,FAIL,10.90999984741211,,,,,,,,,,,18149380.79582837,1663554.6333333333,,,,False,False,https://www.tradingview.com/chart/?symbol=NYSE:RLJ,https://finviz.com/quote.ashx?t=RLJ,$vol(30d) $18.1M < $50M
RUSHA,FAIL,48.040000915527344,,,,,,,,,,,30335736.108793136,631468.2666666667,,,,False,False,https://www.tradingview.com/chart/?symbol=NASDAQ:RUSHA,https://finviz.com/quote.ashx?t=RUSHA,$vol(30d) $30.3M < $50M
RVMD,FAIL,190.7400054931641,,,,,,,,,5.04,92.45,356136310.1604492,1867129.6,262.0,,,False,False,https://www.tradingview.com/chart/?symbol=NASDAQ:RVMD,https://finviz.com/quote.ashx?t=RVMD,short float 5.04% >= 5%
RXO,FAIL,19.8799991607666,,,,,,,,,,,31662587.066031776,1592685.5333333334,,,,False,False,https://www.tradingview.com/chart/?symbol=NYSE:RXO,https://finviz.com/quote.ashx?t=RXO,$vol(30d) $31.7M < $50M
SFNC,FAIL,22.88999938964844,,,,,,,,,,,28599751.033400472,1249443.066666667,,,,False,False,https://www.tradingview.com/chart/?symbol=NASDAQ:SFNC,https://finviz.com/quote.ashx?t=SFNC,$vol(30d) $28.6M < $50M
SFST,FAIL,59.84999847412109,,,,,,,,,,,5687778.769989776,95033.9,,,,False,False,https://www.tradingview.com/chart/?symbol=NASDAQ:SFST,https://finviz.com/quote.ashx?t=SFST,$vol(30d) $5.7M < $50M
SHC,FAIL,18.290000915527344,,,,,,,,,,,43542191.27455521,2380655.5,,,,False,False,https://www.tradingview.com/chart/?symbol=NASDAQ:SHC,https://finviz.com/quote.ashx?t=SHC,$vol(30d) $43.5M < $50M
SHO,FAIL,11.029999732971191,,,,,,,,,,,23530624.550672885,2133329.566666667,,,,False,False,https://www.tradingview.com/chart/?symbol=NYSE:SHO,https://finviz.com/quote.ashx?t=SHO,$vol(30d) $23.5M < $50M
SHOO,FAIL,43.400001525878906,,,,,,,,,,,43945290.71838379,1012564.2666666668,,,,False,False,https://www.tradingview.com/chart/?symbol=NASDAQ:SHOO,https://finviz.com/quote.ashx?t=SHOO,$vol(30d) $43.9M < $50M
SIRI,FAIL,26.280000686645508,,,,,,,,,10.21,84.17,104846301.79543076,3989585.2,262.0,,,False,False,https://www.tradingview.com/chart/?symbol=NASDAQ:SIRI,https://finviz.com/quote.ashx?t=SIRI,short float 10.21% >= 5%
SKWD,FAIL,54.84000015258789,,,,,,,,,,,23775693.78215396,433546.56666666665,,,,False,False,https://www.tradingview.com/chart/?symbol=NASDAQ:SKWD,https://finviz.com/quote.ashx?t=SKWD,$vol(30d) $23.8M < $50M
SKYW,FAIL,99.2699966430664,,,,,,,,,,,30976845.08048096,312046.4,,,,False,False,https://www.tradingview.com/chart/?symbol=NASDAQ:SKYW,https://finviz.com/quote.ashx?t=SKYW,$vol(30d) $31.0M < $50M
SLG,FAIL,49.97999954223633,,,,,,,,,,,40854477.96181641,817416.5333333333,,,,False,False,https://www.tradingview.com/chart/?symbol=NYSE:SLG,https://finviz.com/quote.ashx?t=SLG,$vol(30d) $40.9M < $50M
SM,FAIL,34.310001373291016,,,,,,,,,5.43,98.34,136951573.89195263,3991593.366666666,262.0,,,False,False,https://www.tradingview.com/chart/?symbol=NYSE:SM,https://finviz.com/quote.ashx?t=SM,short float 5.43% >= 5%
SNDA,FAIL,37.77000045776367,,,,,,,,,,,17345009.0362175,459227.13333333336,,,,False,False,https://www.tradingview.com/chart/?symbol=NYSE:SNDA,https://finviz.com/quote.ashx?t=SNDA,$vol(30d) $17.3M < $50M
SPB,FAIL,86.4800033569336,,,,,,,,,,,27714168.843793485,320469.1,,,,False,False,https://www.tradingview.com/chart/?symbol=NYSE:SPB,https://finviz.com/quote.ashx?t=SPB,$vol(30d) $27.7M < $50M
SPHR,FAIL,135.88999938964844,,,,,,,,,23.37,102.08,86807709.32343546,638808.6666666666,262.0,,,False,False,https://www.tradingview.com/chart/?symbol=NYSE:SPHR,https://finviz.com/quote.ashx?t=SPHR,short float 23.37% >= 5%
SRRK,FAIL,49.84999847412109,,,,,,,,,17.91,101.68,88238664.75906678,1770083.6,262.0,,,False,False,https://www.tradingview.com/chart/?symbol=NASDAQ:SRRK,https://finviz.com/quote.ashx?t=SRRK,short float 17.91% >= 5%
SXI,FAIL,276.9100036621094,,,,,,,,,,,32843372.501017254,118606.66666666669,,,,False,False,https://www.tradingview.com/chart/?symbol=NYSE:SXI,https://finviz.com/quote.ashx?t=SXI,$vol(30d) $32.8M < $50M
SYNA,FAIL,98.0999984741211,,,,,,,,,6.17,105.8,65020796.70864563,662801.2,262.0,,,False,False,https://www.tradingview.com/chart/?symbol=NASDAQ:SYNA,https://finviz.com/quote.ashx?t=SYNA,short float 6.17% >= 5%
SYRE,FAIL,88.16999816894531,,,,,,,,,15.01,100.8,105740988.5830429,1199285.3666666667,262.0,,,False,False,https://www.tradingview.com/chart/?symbol=NASDAQ:SYRE,https://finviz.com/quote.ashx?t=SYRE,short float 15.01% >= 5%
TDW,FAIL,85.91000366210938,,,,,,,,,13.02,115.6,51649512.29701132,601204.8666666667,262.0,,,False,False,https://www.tradingview.com/chart/?symbol=NYSE:TDW,https://finviz.com/quote.ashx?t=TDW,short float 13.02% >= 5%
THRM,FAIL,35.25,,,,,,,,,,,11075954.2,314211.4666666667,,,,False,False,https://www.tradingview.com/chart/?symbol=NASDAQ:THRM,https://finviz.com/quote.ashx?t=THRM,$vol(30d) $11.1M < $50M
TILE,FAIL,34.939998626708984,,,,,,,,,,,17974579.480189003,514441.3333333333,,,,False,False,https://www.tradingview.com/chart/?symbol=NASDAQ:TILE,https://finviz.com/quote.ashx?t=TILE,$vol(30d) $18.0M < $50M
TKR,FAIL,117.63999938964844,,,,,,,,,6.6,95.16,107223389.18369292,911453.5,262.0,,,False,False,https://www.tradingview.com/chart/?symbol=NYSE:TKR,https://finviz.com/quote.ashx?t=TKR,short float 6.60% >= 5%
TNET,FAIL,65.23999786376953,,,,,,,,,,,20671643.444457244,316855.36666666664,,,,False,False,https://www.tradingview.com/chart/?symbol=NYSE:TNET,https://finviz.com/quote.ashx?t=TNET,$vol(30d) $20.7M < $50M
TNGX,FAIL,24.450000762939453,,,,,,,,,34.34,111.02,63362424.737165324,2591510.1333333333,262.0,,,False,False,https://www.tradingview.com/chart/?symbol=NASDAQ:TNGX,https://finviz.com/quote.ashx?t=TNGX,short float 34.34% >= 5%
TPC,FAIL,84.36000061035156,,,,,,,,,,,36830147.77046916,436583.06666666665,,,,False,False,https://www.tradingview.com/chart/?symbol=NYSE:TPC,https://finviz.com/quote.ashx?t=TPC,$vol(30d) $36.8M < $50M
TRAX,FAIL,36.65999984741211,,,,,,,,,,,24184845.077336755,659706.6333333333,,,,False,False,https://www.tradingview.com/chart/?symbol=NASDAQ:TRAX,https://finviz.com/quote.ashx?t=TRAX,$vol(30d) $24.2M < $50M
TREX,FAIL,43.619998931884766,,,,,,,,,10.4,109.27,63258863.84099134,1450226.1666666667,262.0,,,False,False,https://www.tradingview.com/chart/?symbol=NYSE:TREX,https://finviz.com/quote.ashx?t=TREX,short float 10.40% >= 5%
TRMK,FAIL,45.68999862670898,,,,,,,,,,,15905666.28792801,348121.4,,,,False,False,https://www.tradingview.com/chart/?symbol=NASDAQ:TRMK,https://finviz.com/quote.ashx?t=TRMK,$vol(30d) $15.9M < $50M
TRNO,FAIL,66.0199966430664,,,,,,,,,,,44526225.044631705,674435.4333333333,,,,False,False,https://www.tradingview.com/chart/?symbol=NYSE:TRNO,https://finviz.com/quote.ashx?t=TRNO,$vol(30d) $44.5M < $50M
TROW,FAIL,104.56999969482422,,,,,,,,,12.52,92.14,147644745.85111544,1411922.6,262.0,,,False,False,https://www.tradingview.com/chart/?symbol=NASDAQ:TROW,https://finviz.com/quote.ashx?t=TROW,short float 12.52% >= 5%
TRS,FAIL,39.20000076293945,,,,,,,,,,,13524255.06321907,345006.5,,,,False,False,https://www.tradingview.com/chart/?symbol=NASDAQ:TRS,https://finviz.com/quote.ashx?t=TRS,$vol(30d) $13.5M < $50M
TVTX,FAIL,59.83000183105469,,,,,,,,,13.13,113.64,84683588.01368102,1415403.4,262.0,,,False,False,https://www.tradingview.com/chart/?symbol=NASDAQ:TVTX,https://finviz.com/quote.ashx?t=TVTX,short float 13.13% >= 5%
UAL,FAIL,110.72000122070312,,,,,,,,,5.42,91.29,386595706.3209371,3491651.933333333,262.0,,,False,False,https://www.tradingview.com/chart/?symbol=NASDAQ:UAL,https://finviz.com/quote.ashx?t=UAL,short float 5.42% >= 5%
UCTT,FAIL,77.29000091552734,,,,,,,,,8.86,103.18,69395711.00435002,897861.4333333333,262.0,,,False,False,https://www.tradingview.com/chart/?symbol=NASDAQ:UCTT,https://finviz.com/quote.ashx?t=UCTT,short float 8.86% >= 5%
URGN,FAIL,41.630001068115234,,,,,,,,,,,34104388.96869469,819226.2333333333,,,,False,False,https://www.tradingview.com/chart/?symbol=NASDAQ:URGN,https://finviz.com/quote.ashx?t=URGN,$vol(30d) $34.1M < $50M
USFD,FAIL,93.93000030517578,,,,,,,,,5.48,109.53,215094468.79783556,2289944.3,262.0,,,False,False,https://www.tradingview.com/chart/?symbol=NYSE:USFD,https://finviz.com/quote.ashx?t=USFD,short float 5.48% >= 5%
UVSP,FAIL,41.40999984741211,,,,,,,,,,,8855921.86236763,213859.5,,,,False,False,https://www.tradingview.com/chart/?symbol=NASDAQ:UVSP,https://finviz.com/quote.ashx?t=UVSP,$vol(30d) $8.9M < $50M
VAC,FAIL,100.8499984741211,,,,,,,,,,,49979995.25712688,495587.4666666667,,,,False,False,https://www.tradingview.com/chart/?symbol=NYSE:VAC,https://finviz.com/quote.ashx?t=VAC,$vol(30d) $50.0M < $50M
VCEL,FAIL,38.790000915527344,,,,,,,,,,,19544542.376293182,503855.1666666667,,,,False,False,https://www.tradingview.com/chart/?symbol=NASDAQ:VCEL,https://finviz.com/quote.ashx?t=VCEL,$vol(30d) $19.5M < $50M
VCYT,FAIL,43.81999969482422,,,,,,,,,10.23,110.99,59365706.94322586,1354762.8333333333,262.0,,,False,False,https://www.tradingview.com/chart/?symbol=NASDAQ:VCYT,https://finviz.com/quote.ashx?t=VCYT,short float 10.23% >= 5%
VECO,FAIL,45.91999816894531,,,,,,,,,,,25512433.10002797,555584.3666666667,,,,False,False,https://www.tradingview.com/chart/?symbol=NASDAQ:VECO,https://finviz.com/quote.ashx?t=VECO,$vol(30d) $25.5M < $50M
VIRT,FAIL,53.0099983215332,,,,,,,,,6.4,94.15,70998598.45395635,1339343.5333333334,262.0,,,False,False,https://www.tradingview.com/chart/?symbol=NYSE:VIRT,https://finviz.com/quote.ashx?t=VIRT,short float 6.40% >= 5%
VNO,FAIL,34.15999984741211,,,,,,,,,,,41842122.65309715,1224886.5,,,,False,False,https://www.tradingview.com/chart/?symbol=NYSE:VNO,https://finviz.com/quote.ashx?t=VNO,$vol(30d) $41.8M < $50M
VSAT,FAIL,73.68000030517578,,,,,,,,,8.29,101.82,125551445.04002252,1704009.8333333333,262.0,,,False,False,https://www.tradingview.com/chart/?symbol=NASDAQ:VSAT,https://finviz.com/quote.ashx?t=VSAT,short float 8.29% >= 5%
VSH,FAIL,32.599998474121094,,,,,,,,,11.09,100.38,113544944.9120702,3482973.933333333,262.0,,,False,False,https://www.tradingview.com/chart/?symbol=NYSE:VSH,https://finviz.com/quote.ashx?t=VSH,short float 11.09% >= 5%
VSTS,FAIL,13.869999885559082,,,,,,,,,,,21072087.943468224,1519256.5333333334,,,,False,False,https://www.tradingview.com/chart/?symbol=NYSE:VSTS,https://finviz.com/quote.ashx?t=VSTS,$vol(30d) $21.1M < $50M
VSXY,FAIL,83.33999633789062,,,,,,,,,13.26,96.43,159486634.23587036,1913686.6,262.0,,,False,False,https://www.tradingview.com/chart/?symbol=NYSE:VSXY,https://finviz.com/quote.ashx?t=VSXY,short float 13.26% >= 5%
VVX,FAIL,74.94000244140625,,,,,,,,,,,45289445.911446124,604342.7333333333,,,,False,False,https://www.tradingview.com/chart/?symbol=NYSE:VVX,https://finviz.com/quote.ashx?t=VVX,$vol(30d) $45.3M < $50M
WABC,FAIL,59.22999954223633,,,,,,,,,,,11149380.08916448,188238.7333333333,,,,False,False,https://www.tradingview.com/chart/?symbol=NASDAQ:WABC,https://finviz.com/quote.ashx?t=WABC,$vol(30d) $11.1M < $50M
WBI,FAIL,28.86000061035156,,,,,,,,,,,17918296.07294871,620869.5666666667,,,,False,False,https://www.tradingview.com/chart/?symbol=NYSE:WBI,https://finviz.com/quote.ashx?t=WBI,$vol(30d) $17.9M < $50M
WDC,FAIL,473.6900024414063,,,,,,,,,5.56,92.52,3160657351.3374147,6672417.266666667,262.0,,,False,False,https://www.tradingview.com/chart/?symbol=NASDAQ:WDC,https://finviz.com/quote.ashx?t=WDC,short float 5.56% >= 5%
WEX,FAIL,184.5399932861328,,,,,,,,,7.25,117.37,97149344.78954773,526440.6,262.0,,,False,False,https://www.tradingview.com/chart/?symbol=NYSE:WEX,https://finviz.com/quote.ashx?t=WEX,short float 7.25% >= 5%
WKC,FAIL,36.040000915527344,,,,,,,,,,,36122960.19230143,1002301.8666666668,,,,False,False,https://www.tradingview.com/chart/?symbol=NYSE:WKC,https://finviz.com/quote.ashx?t=WKC,$vol(30d) $36.1M < $50M
WLY,FAIL,47.75,,,,,,,,,,,25160686.258333337,526925.3666666667,,,,False,False,https://www.tradingview.com/chart/?symbol=NYSE:WLY,https://finviz.com/quote.ashx?t=WLY,$vol(30d) $25.2M < $50M
WNC,FAIL,11.760000228881836,,,,,,,,,,,8158419.406785201,693743.1333333333,,,,False,False,https://www.tradingview.com/chart/?symbol=NYSE:WNC,https://finviz.com/quote.ashx?t=WNC,$vol(30d) $8.2M < $50M
WRLD,FAIL,170.07000732421875,,,,,,,,,,,11540979.042022703,67860.16666666667,,,,False,False,https://www.tradingview.com/chart/?symbol=NASDAQ:WRLD,https://finviz.com/quote.ashx?t=WRLD,$vol(30d) $11.5M < $50M
WSBC,FAIL,38.09000015258789,,,,,,,,,,,36622459.73904228,961471.7666666668,,,,False,False,https://www.tradingview.com/chart/?symbol=NASDAQ:WSBC,https://finviz.com/quote.ashx?t=WSBC,$vol(30d) $36.6M < $50M
WSFS,FAIL,76.98999786376953,,,,,,,,,,,26858245.617768098,348853.7,,,,False,False,https://www.tradingview.com/chart/?symbol=NASDAQ:WSFS,https://finviz.com/quote.ashx?t=WSFS,$vol(30d) $26.9M < $50M
WTTR,FAIL,19.290000915527344,,,,,,,,,,,26457876.548723605,1371585.0333333334,,,,False,False,https://www.tradingview.com/chart/?symbol=NYSE:WTTR,https://finviz.com/quote.ashx?t=WTTR,$vol(30d) $26.5M < $50M
WWW,FAIL,19.11000061035156,,,,,,,,,,,14925053.801689148,781007.5,,,,False,False,https://www.tradingview.com/chart/?symbol=NYSE:WWW,https://finviz.com/quote.ashx?t=WWW,$vol(30d) $14.9M < $50M
XHR,FAIL,17.81999969482422,,,,,,,,,,,13962502.57888565,783529.9,,,,False,False,https://www.tradingview.com/chart/?symbol=NYSE:XHR,https://finviz.com/quote.ashx?t=XHR,$vol(30d) $14.0M < $50M
XPRO,FAIL,16.510000228881836,,,,,,,,,,,13356754.184501013,809009.9333333333,,,,False,False,https://www.tradingview.com/chart/?symbol=NYSE:XPRO,https://finviz.com/quote.ashx?t=XPRO,$vol(30d) $13.4M < $50M
