ticker,status,reason,current_price,entry,sl,tp,rr,zone_lo,zone_hi,atr,short_float_pct,inst_own_pct,dollar_vol_30d,avg_vol_30d,weekly_bars,days_to_earnings,earnings_known,earnings_blackout,tradingview_url
KLIC,PASS,PASS entry=74.01 SL=66.58 TP=122.53 R:R=6.54 zone=[71.09-76.92] short=4.08% $vol=$60.3M,83.13999938964844,74.00547873768456,66.57972971133123,122.53340814275704,6.535088814993767,71.08734893798828,76.92360853738083,14.851498052706672,4.08,93.46,60267742.14422608,724894.6666666666,261.0,61.0,True,False,https://www.tradingview.com/chart/?symbol=NASDAQ:KLIC
R,PASS,PASS entry=221.07 SL=207.99 TP=270.89 R:R=3.81 zone=[214.55-227.58] short=2.27% $vol=$63.4M,238.5399932861328,221.0664219265399,207.9939789667151,270.889957823935,3.8113408527018615,214.551825200326,227.58101865275376,13.072442959824796,2.27,92.01,63401481.204856366,265789.73333333334,261.0,34.0,True,False,https://www.tradingview.com/chart/?symbol=NYSE:R
AMAT,PASS,PASS entry=383.29 SL=314.97 TP=634.75 R:R=3.68 zone=[371.54-395.04] short=1.98% $vol=$3155.1M,444.5700073242188,383.2881369886928,314.96744308908114,634.7512355684455,3.680628580108467,371.5403134371029,395.0359605402826,73.0349799567458,1.98,86.96,3155062053.4201355,7096884.633333334,261.0,55.0,True,False,https://www.tradingview.com/chart/?symbol=NYSE:AMAT
AXTA,PASS,PASS entry=30.61 SL=28.40 TP=38.19 R:R=3.42 zone=[30.00-31.23] short=4.46% $vol=$54.3M,32.20000076293945,30.614999771118164,28.399141720363072,38.18999862670898,3.418539762964288,30.0,31.229999542236328,2.215858050755092,4.46,106.87,54267064.85912476,1685312.5333333334,261.0,40.0,True,False,https://www.tradingview.com/chart/?symbol=NYSE:AXTA
KLAC,PASS,PASS entry=193.25 SL=176.56 TP=249.75 R:R=3.39 zone=[193.04-193.47] short=2.25% $vol=$1683.6M,176.99000549316406,193.2526348638288,176.56481444417352,249.7477165178119,3.3854080540944675,193.03515625,193.47011347765763,29.45546981228481,2.25,94.14,1683596843.316084,9512383.7,261.0,40.0,True,False,https://www.tradingview.com/chart/?symbol=NASDAQ:KLAC
LSCC,PASS,PASS entry=102.85 SL=86.69 TP=156.00 R:R=3.29 zone=[97.63-108.08] short=4.09% $vol=$169.3M,110.95999908447266,102.85499954223631,86.69357245309013,156.0,3.2883853736812108,97.62999725341795,108.08000183105467,16.161427089146205,4.09,101.4,169288985.37120208,1525675.8,261.0,45.0,True,False,https://www.tradingview.com/chart/?symbol=NASDAQ:LSCC
USB,PASS,PASS entry=56.77 SL=54.12 TP=65.22 R:R=3.18 zone=[55.99-57.56] short=1.61% $vol=$401.3M,60.060001373291016,56.77411340905256,54.1187437398084,65.22000122070312,3.180682490078549,55.99081786742777,57.55740895067735,2.6553696692441613,1.61,84.08,401308040.3000359,6681785.4,261.0,27.0,True,False,https://www.tradingview.com/chart/?symbol=NYSE:USB
PRI,PASS,PASS entry=278.89 SL=265.85 TP=320.22 R:R=3.17 zone=[273.42-284.37] short=3.66% $vol=$53.4M,290.5899963378906,278.8912043129458,265.8511659177223,320.22467979774984,3.1697357194856446,273.4169251333792,284.36548349251234,13.040038395223458,3.66,95.88,53437204.66556702,183892.1,261.0,47.0,True,False,https://www.tradingview.com/chart/?symbol=NASDAQ:PRI
DAL,PASS,PASS entry=73.00 SL=67.20 TP=91.34 R:R=3.16 zone=[71.35-74.64] short=3.86% $vol=$444.0M,79.62000274658203,72.99562047022621,67.19531193957387,91.33999633789062,3.162655188206216,71.35404205322266,74.63719888722979,5.80030853065235,3.86,89.96,443950322.9185684,5575864.2,261.0,21.0,True,False,https://www.tradingview.com/chart/?symbol=NYSE:DAL
MTB,PASS,PASS entry=218.87 SL=208.46 TP=251.59 R:R=3.14 zone=[216.99-220.75] short=3.88% $vol=$231.1M,227.30999755859372,218.8728714798337,208.4555987798464,251.5864398646163,3.140319863645554,216.99322509765625,220.75251786201116,10.417272699987285,3.88,93.45,231105976.0168233,1016699.5666666668,261.0,28.0,True,False,https://www.tradingview.com/chart/?symbol=NYSE:MTB
BAX,PASS,PASS entry=21.13 SL=19.50 TP=26.15 R:R=3.08 zone=[21.04-21.22] short=4.53% $vol=$130.6M,22.799999237060547,21.130468648035823,19.50272984020418,26.149911880493164,3.083690828225608,21.04059410095215,21.220343195119504,2.143523032009102,4.53,109.61,130582611.95041098,5727307.733333333,261.0,41.0,True,False,https://www.tradingview.com/chart/?symbol=NYSE:BAX
LW,PASS,PASS entry=44.90 SL=41.52 TP=54.98 R:R=2.99 zone=[43.93-45.86] short=4.63% $vol=$60.3M,46.66999816894531,44.89685327220583,41.521226026351016,54.97999954223633,2.987043750879883,43.93259851657722,45.86110802783444,3.3756272458548167,4.63,95.34,60255223.939941406,1291091.2,261.0,18.0,True,False,https://www.tradingview.com/chart/?symbol=NASDAQ:LW
MOG-A,PASS,PASS entry=346.02 SL=313.13 TP=443.35 R:R=2.96 zone=[338.43-353.61] short=2.43% $vol=$89.1M,364.6400146484375,346.0195897868747,313.12934671676607,443.3500061035156,2.9592489209998254,338.42720451719134,353.611975056558,32.89024307010861,2.43,90.24,89066009.7593221,244257.36666666667,261.0,63.0,True,False,https://www.tradingview.com/chart/?symbol=NYSE:MOG.A
PNC,PASS,PASS entry=225.21 SL=214.82 TP=255.95 R:R=2.96 zone=[221.99-228.43] short=1.76% $vol=$354.0M,233.1699981689453,225.2094928367708,214.8188769243416,255.9499969482422,2.9584871936898125,221.99015862309795,228.4288270504437,10.390615912429205,1.76,86.02,353979680.0929087,1518118.4666666666,261.0,27.0,True,False,https://www.tradingview.com/chart/?symbol=NYSE:PNC
ESS,PASS,PASS entry=256.57 SL=244.95 TP=290.31 R:R=2.90 zone=[251.81-261.34] short=3.73% $vol=$125.9M,270.04998779296875,256.5715812214625,244.95135073273147,290.3099975585937,2.903420579294857,251.80555868553853,261.3376037573865,11.620230488731051,3.73,104.57,125885116.0529663,466154.8666666666,261.0,39.0,True,False,https://www.tradingview.com/chart/?symbol=NYSE:ESS
UNH,PASS,PASS entry=362.59 SL=341.21 TP=423.86 R:R=2.86 zone=[354.07-371.12] short=1.71% $vol=$1743.8M,376.8999938964844,362.594987271579,341.2083507030771,423.8600586972866,2.864642658020309,354.0719227699667,371.11805177319127,21.386636568501903,1.71,90.19,1743820966.31391,4626747.133333334,261.0,25.0,True,False,https://www.tradingview.com/chart/?symbol=NYSE:UNH
NTRS,PASS,PASS entry=167.03 SL=158.63 TP=190.51 R:R=2.79 zone=[162.49-171.58] short=2.08% $vol=$181.8M,177.88999938964844,167.03276573484732,158.6312279791835,190.51141357421875,2.7945655333803083,162.4854278564453,171.5801036132493,8.401537755663824,2.08,87.0,181789010.1852707,1021918.1,261.0,33.0,True,False,https://www.tradingview.com/chart/?symbol=NASDAQ:NTRS
ASB,PASS,PASS entry=28.32 SL=26.97 TP=32.08 R:R=2.78 zone=[28.08-28.55] short=4.19% $vol=$54.9M,29.65999984741211,28.31776150362294,26.966926772140425,32.076515197753906,2.7825414956615813,28.081697463989254,28.553825543256615,1.3508347314825149,4.19,80.99,54874352.28636182,1850113.0333333332,261.0,34.0,True,False,https://www.tradingview.com/chart/?symbol=NYSE:ASB
VMI,PASS,PASS entry=479.89 SL=446.52 TP=572.29 R:R=2.77 zone=[473.79-486.00] short=2.42% $vol=$77.3M,474.6400146484375,479.8925678325828,446.5218676497871,572.2938300423056,2.7689338762319453,473.7874450683594,485.9976905968062,33.37070018279578,2.42,96.82,77250067.2267741,162755.06666666668,261.0,32.0,True,False,https://www.tradingview.com/chart/?symbol=NYSE:VMI
ZION,PASS,PASS entry=62.97 SL=59.62 TP=72.20 R:R=2.76 zone=[62.07-63.87] short=3.82% $vol=$89.9M,65.2300033569336,62.96995232451607,59.624261420840405,72.19999694824219,2.7587858201681943,62.067916205198,63.87198844383413,3.345690903675662,3.82,84.45,89873048.46080601,1377786.9666666666,261.0,31.0,True,False,https://www.tradingview.com/chart/?symbol=NASDAQ:ZION
CFG,PASS,PASS entry=64.54 SL=60.96 TP=74.40 R:R=2.75 zone=[63.14-65.94] short=3.47% $vol=$215.4M,67.04000091552734,64.54359102507537,60.958727581269,74.4000015258789,2.749452149378974,63.14283330868187,65.94434874146887,3.5848634438063667,3.47,100.05,215396593.29354933,3212956.3,261.0,28.0,True,False,https://www.tradingview.com/chart/?symbol=NYSE:CFG
AIT,PASS,PASS entry=312.03 SL=293.82 TP=361.95 R:R=2.74 zone=[307.93-316.14] short=2.03% $vol=$96.4M,321.8399963378906,312.0337795169272,293.8168423953821,361.9500122070313,2.7401001802365683,307.9312744140625,316.13628461979187,18.21693712154515,2.03,97.3,96381380.79130858,299469.86666666664,261.0,39.0,True,False,https://www.tradingview.com/chart/?symbol=NYSE:AIT
WSM,PASS,PASS entry=202.52 SL=185.48 TP=249.06 R:R=2.73 zone=[196.99-208.05] short=4.72% $vol=$263.6M,224.1999969482422,202.518808062838,185.4817103024044,249.05999755859372,2.7317557338810188,196.99224953391004,208.04536659176588,17.03709776043355,4.72,97.84,263552260.48592177,1175523.0333333334,261.0,61.0,True,False,https://www.tradingview.com/chart/?symbol=NASDAQ:WSM
FITB,PASS,PASS entry=50.52 SL=47.75 TP=58.08 R:R=2.73 zone=[49.55-51.49] short=3.42% $vol=$270.1M,52.90999984741211,50.52156440630304,47.74867270205541,58.08000183105469,2.7258321748279366,49.54846755859918,51.49466125400689,2.772891704247628,3.42,93.53,270138083.579945,5105614.9,261.0,31.0,True,False,https://www.tradingview.com/chart/?symbol=NASDAQ:FITB
SPG,PASS,PASS entry=202.39 SL=193.15 TP=227.22 R:R=2.69 zone=[200.95-203.83] short=2.97% $vol=$260.7M,205.32000732421875,202.38852344158445,193.1548187100364,227.22118897433504,2.689350185511875,200.9450231605784,203.83202372259052,9.463842344960726,2.97,96.69,260719917.09245604,1269822.2666666666,261.0,45.0,True,False,https://www.tradingview.com/chart/?symbol=NYSE:SPG
CSX,PASS,PASS entry=45.71 SL=43.43 TP=51.86 R:R=2.69 zone=[45.15-46.28] short=2.22% $vol=$453.6M,47.09999847412109,45.714331789825486,43.428523639719934,51.858033041478826,2.6877589229741967,45.14762496948242,46.28103861016855,2.2858081501055523,2.22,82.08,453630624.71391886,9631223.766666668,261.0,34.0,True,False,https://www.tradingview.com/chart/?symbol=NASDAQ:CSX
AJG,PASS,PASS entry=222.46 SL=205.70 TP=266.85 R:R=2.65 zone=[220.28-224.65] short=2.66% $vol=$318.3M,239.47999572753903,222.46314692775155,205.6993523559567,266.8470153808594,2.6476027407174185,220.2762980124795,224.6499958430236,16.763794571794847,2.66,94.44,318270111.72187805,1329005.0,261.0,41.0,True,False,https://www.tradingview.com/chart/?symbol=NASDAQ:AJG
CTVA,PASS,PASS entry=74.40 SL=68.99 TP=88.59 R:R=2.62 zone=[73.60-75.20] short=2.69% $vol=$374.8M,80.52999877929688,74.4009572101319,68.98564742580491,88.59116713504693,2.620387473674059,73.59849548339844,75.20341893686539,5.415309784326995,2.69,91.11,374844995.8836294,4654724.966666667,261.0,46.0,True,False,https://www.tradingview.com/chart/?symbol=NASDAQ:CTVA
DASH,PASS,PASS entry=186.40 SL=167.09 TP=236.74 R:R=2.61 zone=[181.64-191.17] short=4.82% $vol=$781.3M,192.94000244140625,186.40499877929688,167.09064156668526,236.7400054931641,2.606092771288301,181.63999938964844,191.1699981689453,19.314357212611608,4.82,82.54,781278293.1807332,4049332.866666666,261.0,47.0,True,False,https://www.tradingview.com/chart/?symbol=NASDAQ:DASH
LFUS,PASS,PASS entry=373.65 SL=341.15 TP=457.38 R:R=2.58 zone=[368.67-378.62] short=4.90% $vol=$85.8M,407.8800048828125,373.6457114693251,341.15074995958867,457.3763481341572,2.5767267531535323,368.66883537758497,378.62258756106513,41.23678683512568,4.9,101.58,85761012.9786621,210260.4,261.0,40.0,True,False,https://www.tradingview.com/chart/?symbol=NASDAQ:LFUS
UNP,PASS,PASS entry=270.29 SL=255.77 TP=307.07 R:R=2.53 zone=[263.62-276.97] short=4.68% $vol=$650.9M,279.3699951171875,270.29484786733053,255.76663714511812,307.0749771113229,2.5316351715465357,263.62064610339394,276.9690496312671,14.528210722212378,4.68,92.23,650925579.3021607,2329976.7,261.0,34.0,True,False,https://www.tradingview.com/chart/?symbol=NYSE:UNP
SSB,PASS,PASS entry=99.24 SL=94.55 TP=111.10 R:R=2.53 zone=[98.71-99.77] short=3.01% $vol=$72.9M,103.44000244140624,99.23878950522744,94.54835469204748,111.0999984741211,2.528807976515121,98.71031951904295,99.76725949141188,4.690434813179953,3.01,89.37,72882660.29618733,704588.7333333333,261.0,33.0,True,False,https://www.tradingview.com/chart/?symbol=NASDAQ:SSB
WTS,PASS,PASS entry=335.06 SL=312.69 TP=391.55 R:R=2.53 zone=[326.78-343.33] short=2.92% $vol=$68.3M,350.6600036621094,335.0554292374904,312.6850005080619,391.5543823242188,2.5256088638302963,326.7797241210937,343.3311343538869,22.370428729428472,2.92,82.46,68268231.12429097,194684.96666666667,261.0,40.0,True,False,https://www.tradingview.com/chart/?symbol=NYSE:WTS
JBL,PASS,PASS entry=274.36 SL=239.07 TP=363.10 R:R=2.52 zone=[267.47-281.25] short=2.92% $vol=$307.9M | earnings blackout (<14d),299.57000732421875,274.35874521655103,239.07434919583412,363.1000061035156,2.515028479865747,267.47179148746096,281.2456989456411,37.414830413478136,2.92,100.19,307906731.0723775,1027828.9666666668,261.0,12.0,True,True,https://www.tradingview.com/chart/?symbol=NASDAQ:JBL
EWBC,PASS,PASS entry=121.68 SL=115.86 TP=136.13 R:R=2.48 zone=[121.09-122.28] short=3.03% $vol=$95.7M,126.91999816894533,121.68389643138678,115.85889800572112,136.1300048828125,2.480019288550253,121.086414781041,122.28137808173254,5.824998425665671,3.03,93.56,95745942.0640218,754380.2666666667,261.0,32.0,True,False,https://www.tradingview.com/chart/?symbol=NASDAQ:EWBC
C,PASS,PASS entry=122.47 SL=114.42 TP=142.34 R:R=2.47 zone=[121.00-123.94] short=1.57% $vol=$1163.2M,131.77000427246094,122.47005697732403,114.42375961630452,142.33631896972656,2.4689942592284844,120.9995244940137,123.9405894606344,8.046297361019525,1.57,82.71,1163248836.5727415,8827872.8,261.0,25.0,True,False,https://www.tradingview.com/chart/?symbol=NASDAQ:C
CHE,PASS,PASS entry=477.15 SL=446.64 TP=551.11 R:R=2.42 zone=[474.82-479.49] short=4.41% $vol=$75.9M,504.05999755859375,477.1545021663086,446.6391093660384,551.1051283031597,2.4233876529420417,474.8237160779636,479.48528825465365,30.51539280027017,4.41,105.8,75936823.45420125,150650.36666666667,261.0,39.0,True,False,https://www.tradingview.com/chart/?symbol=NYSE:CHE
IRM,PASS,PASS entry=110.02 SL=101.16 TP=131.42 R:R=2.42 zone=[107.38-112.66] short=2.19% $vol=$177.1M,114.33999633789062,110.01705173878976,101.16455584212318,131.4188690185547,2.417602620727987,107.37757767897388,112.65652579860568,8.852495896666598,2.19,88.91,177123074.51239216,1549091.1333333333,261.0,47.0,True,False,https://www.tradingview.com/chart/?symbol=NYSE:IRM
BMY,PASS,PASS entry=58.84 SL=55.45 TP=67.01 R:R=2.42 zone=[57.57-60.10] short=2.16% $vol=$577.6M,63.060001373291016,58.835844116209714,55.45212673736504,67.01000213623047,2.415733084307325,57.57013320922852,60.10155502319091,3.3837173788446813,2.16,85.17,577596014.210614,9159467.2,261.0,41.0,True,False,https://www.tradingview.com/chart/?symbol=NYSE:BMY
DDOG,PASS,PASS entry=197.30 SL=165.82 TP=272.19 R:R=2.38 zone=[192.91-201.69] short=3.10% $vol=$953.0M,229.9199981689453,197.3000030517578,165.8212160382952,272.19000244140625,2.379062425677967,192.91000366210935,201.69000244140625,31.47878701346261,3.1,86.23,952950067.8508224,4144702.8333333335,261.0,48.0,True,False,https://www.tradingview.com/chart/?symbol=NASDAQ:DDOG
FWONK,PASS,PASS entry=92.41 SL=86.57 TP=105.64 R:R=2.27 zone=[91.59-93.22] short=3.78% $vol=$182.5M,94.54000091552734,92.40749740600586,86.57142584664481,105.63999938964844,2.2673645874711177,91.58999633789062,93.2249984741211,5.8360715593610495,3.78,89.9,182451714.12953287,1929889.066666667,261.0,48.0,True,False,https://www.tradingview.com/chart/?symbol=NYSE:FWONK
AMGN,PASS,PASS entry=384.48 SL=359.57 TP=440.31 R:R=2.24 zone=[382.85-386.10] short=2.41% $vol=$1046.4M,385.6499938964844,384.4777897129984,359.56677834742305,440.30999755859375,2.2412662025737804,382.8546004001387,386.10097902585807,24.911011365575327,2.41,85.57,1046356001.6997764,2713227.066666667,261.0,46.0,True,False,https://www.tradingview.com/chart/?symbol=NASDAQ:AMGN
KEX,PASS,PASS entry=130.44 SL=122.30 TP=148.65 R:R=2.24 zone=[128.70-132.18] short=3.36% $vol=$55.8M,138.35000610351562,130.43999481201172,122.3035659790039,148.64999389648438,2.2380825123914865,128.6999969482422,132.17999267578125,8.136428833007812,3.36,102.92,55754236.19468078,402994.1,261.0,41.0,True,False,https://www.tradingview.com/chart/?symbol=NASDAQ:KEX
MUSA,PASS,PASS entry=514.30 SL=465.93 TP=622.51 R:R=2.24 zone=[509.75-518.85] short=4.73% $vol=$149.2M,526.0900268554688,514.2977688885397,465.92563015887777,622.5089585338304,2.2370561336982027,509.7499505480495,518.84558722903,48.372138729661984,4.73,83.88,149225962.20758057,283651.0,261.0,40.0,True,False,https://www.tradingview.com/chart/?symbol=NYSE:MUSA
ST,PASS,PASS entry=38.36 SL=34.82 TP=46.17 R:R=2.21 zone=[37.83-38.88] short=4.35% $vol=$56.8M,41.95000076293945,38.3562192270269,34.823767987822535,46.16984558105469,2.211955898303554,37.82902065080516,38.88341780324864,3.53245123920436,4.35,107.18,56846343.95552407,1355097.566666667,261.0,39.0,True,False,https://www.tradingview.com/chart/?symbol=NYSE:ST
PGR,PASS,PASS entry=203.08 SL=189.98 TP=232.00 R:R=2.21 zone=[199.42-206.75] short=1.04% $vol=$490.1M,213.47999572753903,203.08481233381156,189.9831484774809,232.0,2.2069859205109243,199.4214324951172,206.74819217250587,13.101663856330594,1.04,90.36,490055263.7243271,2295555.9,261.0,26.0,True,False,https://www.tradingview.com/chart/?symbol=NASDAQ:PGR
CCK,PASS,PASS entry=107.29 SL=101.22 TP=120.69 R:R=2.21 zone=[106.27-108.31] short=2.50% $vol=$90.9M,109.1999969482422,107.28955174154854,101.21757371462164,120.69000244140624,2.206933332174766,106.27105712890624,108.30804635419082,6.071978026926883,2.5,100.32,90899981.1796636,832417.4333333333,261.0,31.0,True,False,https://www.tradingview.com/chart/?symbol=NYSE:CCK
PKG,PASS,PASS entry=224.98 SL=211.81 TP=253.84 R:R=2.19 zone=[221.68-228.27] short=3.10% $vol=$129.4M,232.7700042724609,224.9758852368657,211.81218044536,253.8371124267578,2.1924851435832604,221.67916870117188,228.2726017725596,13.163704791505731,3.1,98.84,129384578.39583588,555847.3,261.0,33.0,True,False,https://www.tradingview.com/chart/?symbol=NYSE:PKG
LRCX,PASS,PASS entry=242.20 SL=198.30 TP=337.87 R:R=2.18 zone=[233.02-251.39] short=2.22% $vol=$2413.1M,288.1099853515625,242.20400191019104,198.300296609948,337.8699951171875,2.1789958854900293,233.01649475097656,251.3915090694055,45.34844316755022,2.22,89.12,2413136508.7407184,8375747.566666666,261.0,33.0,True,False,https://www.tradingview.com/chart/?symbol=NASDAQ:LRCX
URI,PASS,PASS entry=984.03 SL=902.08 TP=1160.84 R:R=2.16 zone=[970.73-997.34] short=2.31% $vol=$432.6M,1013.9099731445312,984.0309658696532,902.0811221612385,1160.8367919921875,2.157488265037164,970.7264404296876,997.3354913096188,81.94984370841469,2.31,95.9,432647248.2874573,426711.7,261.0,33.0,True,False,https://www.tradingview.com/chart/?symbol=NYSE:URI
EQIX,PASS,PASS entry=959.91 SL=893.99 TP=1100.55 R:R=2.13 zone=[941.83-977.98] short=1.67% $vol=$543.4M,1021.3400268554688,959.905376320582,893.9884686593831,1100.5514592493814,2.133687515374583,941.8261108398438,977.9846418013202,65.91690766119898,1.67,101.46,543355243.3691711,532002.3,261.0,40.0,True,False,https://www.tradingview.com/chart/?symbol=NASDAQ:EQIX
EXPE,PASS,PASS entry=271.41 SL=244.04 TP=329.44 R:R=2.12 zone=[264.05-278.77] short=4.57% $vol=$465.7M,279.3500061035156,271.4066886165385,244.0352287884292,329.44000244140625,2.120212593311157,264.0479446642757,278.76543256880126,27.3714598281093,4.57,104.0,465718930.6871552,1667152.0333333334,261.0,48.0,True,False,https://www.tradingview.com/chart/?symbol=NASDAQ:EXPE
OMF,PASS,PASS entry=57.87 SL=54.34 TP=65.35 R:R=2.12 zone=[57.38-58.36] short=3.44% $vol=$53.3M,60.810001373291016,57.87188632244735,54.3411461762877,65.3499984741211,2.1180012807817725,57.38434982299805,58.35942282189664,3.530740146159644,3.44,95.06,53348150.02177773,877292.3666666667,261.0,42.0,True,False,https://www.tradingview.com/chart/?symbol=NYSE:OMF
UMBF,PASS,PASS entry=133.79 SL=125.61 TP=150.96 R:R=2.10 zone=[132.90-134.68] short=4.70% $vol=$73.9M,134.52000427246094,133.79001400749908,125.61490042275584,150.96359887509735,2.100715138643259,132.90444946289062,134.67557855210754,8.175113584743224,4.7,96.85,73934189.72820792,549614.8333333334,261.0,39.0,True,False,https://www.tradingview.com/chart/?symbol=NYSE:UMBF
WAB,PASS,PASS entry=269.49 SL=253.79 TP=302.49 R:R=2.10 zone=[265.11-273.87] short=1.98% $vol=$238.3M,280.2300109863281,269.49367699921714,253.78749139267032,302.4877564025922,2.100706067654141,265.113525390625,273.8738286078093,15.706185606546828,1.98,96.04,238326498.1865143,850467.4333333333,261.0,33.0,True,False,https://www.tradingview.com/chart/?symbol=NYSE:WAB
EMR,PASS,PASS entry=144.32 SL=135.13 TP=163.17 R:R=2.05 zone=[140.27-148.37] short=1.58% $vol=$340.0M,149.9199981689453,144.31536166119213,135.13188576450486,163.1699981689453,2.0531045891408684,140.26551818847656,148.3652051339077,9.18347589668726,1.58,85.14,339996172.7914414,2267850.7,261.0,47.0,True,False,https://www.tradingview.com/chart/?symbol=NYSE:EMR
RJF,PASS,PASS entry=157.75 SL=148.58 TP=176.56 R:R=2.05 zone=[154.99-160.51] short=4.55% $vol=$192.3M,164.75,157.74769268753963,148.58389106721907,176.55999755859375,2.0528930732566395,154.98752791933896,160.50785745574032,9.163801620320584,4.55,80.9,192291570.525,1167171.9,261.0,40.0,True,False,https://www.tradingview.com/chart/?symbol=NYSE:RJF
BALL,FAIL,R:R 1.96 < 2.0,60.150001525878906,58.60450282230674,55.49707602666502,64.6938705444336,1.9596174335200465,57.9757194519043,59.23328619270918,3.107426795641723,2.96,95.88,107150713.473188,1781391.7,261.0,46.0,True,False,https://www.tradingview.com/chart/?symbol=NASDAQ:BALL
FR,FAIL,R:R 1.91 < 2.0,61.79999923706055,63.61904028840003,60.87983479940056,68.86000061035156,1.91331404051248,63.11802565296192,64.12005492383814,2.739205488999466,3.14,100.75,51056174.42969627,826151.7,261.0,33.0,True,False,https://www.tradingview.com/chart/?symbol=NASDAQ:FR
WELL,FAIL,R:R 1.84 < 2.0,228.8699951171875,217.1544834804574,204.81457229116864,239.8500061035156,1.839196593469672,213.46267733086816,220.84628963004664,12.33991118928879,2.56,101.7,613544917.7903646,2680757.333333333,261.0,38.0,True,False,https://www.tradingview.com/chart/?symbol=NASDAQ:WELL
COLB,FAIL,R:R 1.74 < 2.0,29.93000030517578,29.512243271456025,27.91641889918419,32.295886450353585,1.7443292803798522,29.30736541748047,29.717121125431586,1.595824372271834,3.8,96.49,89075403.20257442,2976124.3666666667,261.0,41.0,True,False,https://www.tradingview.com/chart/?symbol=NASDAQ:COLB
PH,FAIL,R:R 1.73 < 2.0,943.5399780273438,984.3724338900104,927.6657483560406,1082.6694406412896,1.7334288863064484,966.9724731445312,1001.7723946354896,56.70668553396983,1.05,91.18,576333655.502649,610820.6,261.0,48.0,True,False,https://www.tradingview.com/chart/?symbol=NASDAQ:PH
FIX,FAIL,R:R 1.63 < 2.0,1651.3699951171875,1479.3846430492208,1285.1037462504144,1796.0,1.629678275979238,1460.91111268471,1497.8581734137315,194.28089679880648,2.62,95.63,599690004.5711548,363146.9666666667,261.0,34.0,True,False,https://www.tradingview.com/chart/?symbol=NASDAQ:FIX
SCHW,FAIL,R:R 1.59 < 2.0,105.25,105.1277942970386,100.24905540003078,112.88999938964844,1.5910269552179703,103.81084724169804,106.44474135237918,4.878738897007816,1.31,85.6,800610911.125,7606754.5,261.0,27.0,True,False,https://www.tradingview.com/chart/?symbol=NYSE:SCHW
AMG,FAIL,R:R 1.59 < 2.0,355.79998779296875,333.33338449910514,310.4116201559138,369.6900024414063,1.586117778629918,331.9185245398836,334.7482444583266,22.92176434319132,3.51,98.56,97678541.54877728,274532.1666666667,261.0,45.0,True,False,https://www.tradingview.com/chart/?symbol=NASDAQ:AMG
DOC,FAIL,R:R 1.58 < 2.0,20.32999992370605,20.39934204745589,19.387697444037386,21.99988575160719,1.5821205379268752,20.270204544067383,20.52847955084439,1.0116446034185027,3.52,99.23,90922124.98178956,4472313.1,261.0,34.0,True,False,https://www.tradingview.com/chart/?symbol=NASDAQ:DOC
WCC,FAIL,R:R 1.56 < 2.0,344.1499938964844,315.91894239723104,285.63246869456464,363.2113037109375,1.5615010772793558,313.704717545031,318.1331672494311,30.286473702666417,2.97,97.62,169518432.8319163,492571.3666666666,261.0,41.0,True,False,https://www.tradingview.com/chart/?symbol=NASDAQ:WCC
UNF,FAIL,R:R 1.54 < 2.0,261.6199951171875,273.8012339922178,260.2902359167007,294.6085801939004,1.5400302838756936,267.47462545713506,280.1278425273006,13.51099807551714,4.44,85.31,73249273.18222657,279983.4666666667,261.0,33.0,True,False,https://www.tradingview.com/chart/?symbol=NASDAQ:UNF
IVZ,FAIL,R:R 1.51 < 2.0,30.530000686645508,29.512606901031955,27.290906018958854,32.86000061035156,1.506680641093371,29.403338081691807,29.621875720372103,2.2217008820731023,2.82,98.36,116413640.31824112,3813090.0,261.0,39.0,True,False,https://www.tradingview.com/chart/?symbol=NASDAQ:IVZ
JLL,FAIL,R:R 1.48 < 2.0,336.3800048828125,352.5500030517578,329.0892900739397,387.3699951171875,1.4841830296611906,345.82000732421875,359.2799987792969,23.46071297781808,1.62,95.22,105644580.74951172,314063.2,261.0,47.0,True,False,https://www.tradingview.com/chart/?symbol=NASDAQ:JLL
SWK,FAIL,R:R 1.40 < 2.0,89.58000183105469,92.72304571529024,86.3680470995158,101.59583230881782,1.3961901693421983,91.10710906982422,94.33898236075628,6.354998615774447,4.65,100.15,149384488.93748474,1667609.8,261.0,46.0,True,False,https://www.tradingview.com/chart/?symbol=NASDAQ:SWK
ATI,FAIL,R:R 1.38 < 2.0,191.6300048828125,203.8949966430664,183.994998386928,231.25999450683597,1.3751256412963997,202.47999572753903,205.30999755859372,19.899998256138392,2.75,94.57,350972838.74526775,1831512.9666666663,261.0,39.0,True,False,https://www.tradingview.com/chart/?symbol=NYSE:ATI
ITW,FAIL,R:R 1.33 < 2.0,269.4200134277344,271.00881056314995,259.0058233581439,286.95001220703125,1.3281028606972745,268.8916320800781,273.12598904622183,12.002987205006017,3.09,87.86,288807423.70999146,1071959.8,261.0,35.0,True,False,https://www.tradingview.com/chart/?symbol=NASDAQ:ITW
ARMK,FAIL,R:R 1.27 < 2.0,56.45000076293945,58.28915753782451,55.3439529259652,62.02672964400471,1.269036484300719,58.01470336611148,58.56361170953755,2.9452046118593134,3.38,100.04,147713078.27638856,2616706.4,261.0,67.0,True,False,https://www.tradingview.com/chart/?symbol=NASDAQ:ARMK
CGNX,FAIL,R:R 1.24 < 2.0,61.560001373291016,59.084757293963065,52.87961866903735,66.7962417602539,1.2427578064596676,58.54205703735352,59.627457550572615,6.205138624925717,4.59,107.43,114893916.23507307,1866372.8666666667,261.0,40.0,True,False,https://www.tradingview.com/chart/?symbol=NASDAQ:CGNX
OHI,FAIL,R:R 1.24 < 2.0,46.65999984741211,47.962064604660526,45.66059414304628,50.81817902965607,1.2409954733862891,47.25666809082031,48.667461118500746,2.3014704616142505,4.31,82.61,89185230.0296791,1911385.1333333333,261.0,46.0,True,False,https://www.tradingview.com/chart/?symbol=NASDAQ:OHI
IEX,FAIL,R:R 1.21 < 2.0,223.72000122070312,217.89806122922303,207.5521342262598,230.4499969482422,1.2132248483315302,213.4683837890625,222.3277386693836,10.345927002963233,2.57,105.1,121100442.052771,541303.6,261.0,40.0,True,False,https://www.tradingview.com/chart/?symbol=NASDAQ:IEX
EOG,FAIL,R:R 1.18 < 2.0,144.22999572753906,142.40316821546645,133.39353653612926,153.0500030517578,1.1817169907965224,140.17967224121094,144.62666418972194,9.00963167933719,2.82,98.34,446508105.3839559,3095806.1333333333,261.0,48.0,True,False,https://www.tradingview.com/chart/?symbol=NASDAQ:EOG
APH,FAIL,R:R 1.17 < 2.0,77.55000305175781,76.99883555711553,70.49406937843594,84.58999633789062,1.1670151658419854,76.3847598435717,77.61291127065935,7.456110298486797,1.11,97.78,896784859.2803946,11563956.466666669,261.0,40.0,True,False,https://www.tradingview.com/chart/?symbol=NASDAQ:APH
AME,FAIL,R:R 1.14 < 2.0,237.63999938964844,241.34328551946555,229.5123239809707,254.88855028326455,1.144899737838407,238.33266762509,244.35390341384115,11.830961538494844,1.13,92.82,322730827.17510223,1358066.1,261.0,41.0,True,False,https://www.tradingview.com/chart/?symbol=NASDAQ:AME
LNG,FAIL,R:R 1.14 < 2.0,268.3399963378906,272.7177764449551,255.8716582223007,292.0,1.1446092981298464,269.13555908203125,276.29999380787893,16.846118222654397,2.03,90.82,506080216.8693848,1885966.4,261.0,41.0,True,False,https://www.tradingview.com/chart/?symbol=NASDAQ:LNG
ALSN,FAIL,R:R 1.12 < 2.0,117.0999984741211,122.59403513053502,113.13824641917113,133.13999938964844,1.1152918684021946,119.57083892822266,125.61723133284738,9.455788711363889,3.39,103.87,90500866.53405608,772851.1333333333,261.0,41.0,True,False,https://www.tradingview.com/chart/?symbol=NASDAQ:ALSN
ROST,FAIL,R:R 1.11 < 2.0,226.6100006103516,241.0042053066337,227.66251100323856,255.75570326720648,1.1056690121298067,239.6667938232422,242.3416167900252,13.341694303395142,2.74,96.37,577964923.9720246,2550482.8666666667,261.0,62.0,True,False,https://www.tradingview.com/chart/?symbol=NASDAQ:ROST
AMP,FAIL,R:R 1.09 < 2.0 (known),544.3300170898438,541.30019014957,515.4826907323503,569.5399780273438,1.0938235117742854,537.7399291992188,544.8604510999212,25.81749941721961,3.16,91.69,254073964.55060017,466764.56666666665,261.0,41.0,True,False,https://www.tradingview.com/chart/?symbol=NASDAQ:AMP
CUBE,FAIL,R:R 1.08 < 2.0,39.54999923706055,40.31053862312751,38.68550858964417,42.06999969482422,1.08272526380649,40.05893545550851,40.5621417907465,1.625030033483333,3.36,104.08,84778528.03957939,2143578.5,261.0,41.0,True,False,https://www.tradingview.com/chart/?symbol=NASDAQ:CUBE
FAST,FAIL,R:R 1.06 < 2.0,49.0099983215332,48.889773818903976,46.24612977146084,51.70000076293945,1.06301260442133,48.6424560546875,49.13709158312045,2.643644047443137,3.02,88.47,317445631.76796764,6477160.633333334,261.0,26.0,True,False,https://www.tradingview.com/chart/?symbol=NASDAQ:FAST
GM,FAIL,R:R 1.05 < 2.0,82.19999694824219,83.85159440695004,78.64520480523154,89.32527918769703,1.051339834218374,82.46945050193466,85.23373831196542,5.206389601718497,2.48,90.28,500948224.64179176,6094260.866666666,261.0,32.0,True,False,https://www.tradingview.com/chart/?symbol=NASDAQ:GM
EW,FAIL,R:R 0.94 < 2.0,88.26000213623047,86.49499893188477,81.05857140677315,91.5999984741211,0.9390357028868,85.66999816894531,87.31999969482422,5.436427525111607,1.58,94.44,267263910.5908114,3028143.033333333,261.0,41.0,True,False,https://www.tradingview.com/chart/?symbol=NASDAQ:EW
ZBH,FAIL,R:R 0.89 < 2.0,95.36000061035156,96.03979833375256,90.1231965362872,101.31999969482422,0.8924381835758586,94.52881622314452,97.5507804443606,5.916601797465364,4.62,106.67,184221681.264444,1931854.8666666667,261.0,48.0,True,False,https://www.tradingview.com/chart/?symbol=NASDAQ:ZBH
APD,FAIL,R:R 0.87 < 2.0,284.17999267578125,300.8411581931064,285.34192724268064,314.29998779296875,0.8683546714614703,295.6235713390098,306.0587450472029,15.499230950425751,1.82,93.63,285740548.1602275,1005491.4333333332,261.0,48.0,True,False,https://www.tradingview.com/chart/?symbol=NASDAQ:APD
FDX,FAIL,R:R 0.86 < 2.0,303.6499938964844,318.939954192108,302.2554966319819,333.3314514160156,0.862569080957212,314.7977600097656,323.0821483744504,16.684457560126134,2.13,82.78,462759351.76497394,1523989.3333333333,261.0,24.0,True,False,https://www.tradingview.com/chart/?symbol=NASDAQ:FDX
MTG,FAIL,R:R 0.86 < 2.0,29.690000534057617,28.799446590697745,27.541666562412598,29.874998092651367,0.8551189220423724,28.398972945414464,29.199920235981025,1.25778002828515,3.98,100.72,53686624.79303729,1808239.2666666664,261.0,40.0,True,False,https://www.tradingview.com/chart/?symbol=NASDAQ:MTG
VTR,FAIL,R:R 0.84 < 2.0,86.69000244140625,88.84461572220286,83.35180490236826,93.4499969482422,0.8384379832287766,87.15948690926355,90.52974453514216,5.492810819834604,3.99,104.67,281389046.78761595,3245922.7,261.0,40.0,True,False,https://www.tradingview.com/chart/?symbol=NASDAQ:VTR
CNC,FAIL,R:R 0.79 < 2.0,65.11000061035156,63.775001525878906,58.52928733825684,67.9000015258789,0.7863562238547922,63.400001525878906,64.1500015258789,5.24571418762207,2.77,99.89,264755248.0341914,4066276.233333333,261.0,39.0,True,False,https://www.tradingview.com/chart/?symbol=NASDAQ:CNC
STT,FAIL,R:R 0.71 < 2.0,182.8699951171875,187.504997253418,178.04348851030426,194.25999450683597,0.713945041622923,182.5,192.50999450683597,9.461508743113706,1.71,94.64,278757127.2899048,1524345.9,261.0,26.0,True,False,https://www.tradingview.com/chart/?symbol=NASDAQ:STT
BNY,FAIL,R:R 0.70 < 2.0,153.7899932861328,159.81390330904566,152.6548568842541,164.83999633789062,0.7020618013370824,156.50706481933594,163.1207417987554,7.159046424791571,1.49,87.73,453648553.3914856,2949792.4,261.0,27.0,True,False,https://www.tradingview.com/chart/?symbol=NASDAQ:BNY
FTI,FAIL,R:R 0.65 < 2.0,72.0199966430664,76.68466373354933,71.14631310756168,80.30999755859375,0.6545872715304876,75.69096374511719,77.67836372198147,5.538350625987642,3.29,99.59,217657561.50140128,3022182.333333333,261.0,41.0,True,False,https://www.tradingview.com/chart/?symbol=NASDAQ:FTI
SKY,FAIL,R:R 0.65 < 2.0,84.58999633789062,89.68000030517578,82.25142724173409,94.52999877929688,0.6528842662919262,88.81999969482422,90.54000091552734,7.428573063441685,4.96,111.18,51033204.00364684,603300.7,261.0,39.0,True,False,https://www.tradingview.com/chart/?symbol=NASDAQ:SKY
MA,FAIL,R:R 0.57 < 2.0,565.239990234375,580.1914457164694,556.7210257092634,593.5399780273438,0.5687385358581574,573.591064453125,586.7918269798138,23.47042000720598,0.94,83.81,1520936649.3361816,2690780.333333333,261.0,41.0,True,False,https://www.tradingview.com/chart/?symbol=NASDAQ:MA
OVV,FAIL,R:R 0.57 < 2.0,62.369998931884766,63.57683986295442,59.35239432280552,65.9757722113199,0.56786916189738,62.84023666381836,64.31344306209049,4.224445540148905,4.1,93.59,215625543.6753123,3457199.7333333334,261.0,47.0,True,False,https://www.tradingview.com/chart/?symbol=NASDAQ:OVV
BWA,FAIL,R:R 0.56 < 2.0,63.31999969482422,65.91190484336309,60.816485134529685,68.75734005811681,0.5584299973996024,62.30083465576172,69.52297503096447,5.095419708833407,4.29,106.9,125879412.21731414,1987988.2,261.0,41.0,True,False,https://www.tradingview.com/chart/?symbol=NASDAQ:BWA
VRTX,FAIL,R:R 0.55 < 2.0,508.3399963378906,530.1699829101562,495.8221261160714,548.97998046875,0.5476323507274289,526.6699829101562,533.6699829101562,34.34785679408482,1.84,98.17,554681422.6413777,1091162.2666666666,261.0,45.0,True,False,https://www.tradingview.com/chart/?symbol=NASDAQ:VRTX
WMB,FAIL,R:R 0.54 < 2.0,72.05000305175781,74.91207978342933,70.35905272470009,77.35823059082031,0.5372581308738594,74.60875105834586,75.21540850851281,4.553027058729248,2.15,92.18,533056471.77819824,7398424.0,261.0,45.0,True,False,https://www.tradingview.com/chart/?symbol=NASDAQ:WMB
VLTO,FAIL,R:R 0.50 < 2.0,94.48999786376952,91.73177619478908,86.83438839459028,94.16999816894533,0.497861732341727,90.84608459472656,92.61746779485162,4.8973878001988185,2.33,100.92,141454651.27132568,1497033.066666667,155.0,33.0,True,False,https://www.tradingview.com/chart/?symbol=NASDAQ:VLTO
TTC,FAIL,R:R 0.49 < 2.0,93.48999786376952,97.45500183105467,92.29330968342543,100.0,0.4930550091241354,96.83000183105467,98.08000183105467,5.161692147629233,3.98,96.33,80131467.60834299,857112.7333333333,261.0,90.0,True,False,https://www.tradingview.com/chart/?symbol=NASDAQ:TTC
MDLZ,FAIL,R:R 0.47 < 2.0,60.84999847412109,63.14074272809178,59.73726181311667,64.7300033569336,0.4669515324293907,62.46639633178711,63.81508912439645,3.4034809149751126,2.53,89.63,440843466.5937111,7244757.233333333,261.0,39.0,True,False,https://www.tradingview.com/chart/?symbol=NASDAQ:MDLZ
DLR,FAIL,R:R 0.39 < 2.0,182.1199951171875,193.6868839475729,180.57842686040104,198.7869110107422,0.3890638714574731,191.68560791015625,195.6881599849896,13.10845708717189,2.28,104.88,375538562.9647827,2062039.1666666667,261.0,34.0,True,False,https://www.tradingview.com/chart/?symbol=NASDAQ:DLR
CAH,FAIL,R:R 0.33 < 2.0,225.3800048828125,231.75250349698143,217.7268146395669,236.32000732421875,0.3256527271972637,230.97607347295056,232.52893352101236,14.025688857414533,2.89,91.7,391087002.3168213,1735233.8,261.0,48.0,True,False,https://www.tradingview.com/chart/?symbol=NASDAQ:CAH
PM,FAIL,R:R 0.20 < 2.0,188.6199951171875,189.66754861811705,178.3267501038783,191.88999938964844,0.1959695138522235,187.8724280929208,191.46266914331332,11.34079851423875,1.07,85.55,790439558.8971964,4190645.633333333,261.0,33.0,True,False,https://www.tradingview.com/chart/?symbol=NASDAQ:PM
ABCB,FAIL,$vol(30d) $31.9M < $50M,83.5,,,,,,,,,,31871229.116666663,381691.3666666666,,,False,False,https://www.tradingview.com/chart/?symbol=NASDAQ:ABCB
ACAD,FAIL,$vol(30d) $43.0M < $50M,27.290000915527344,,,,,,,,,,43021792.24096553,1576467.2333333334,,,False,False,https://www.tradingview.com/chart/?symbol=NASDAQ:ACAD
ACHC,FAIL,$vol(30d) $42.1M < $50M,28.32999992370605,,,,,,,,,,42062885.22972279,1484747.1,,,False,False,https://www.tradingview.com/chart/?symbol=NASDAQ:ACHC
ACIW,FAIL,$vol(30d) $45.1M < $50M,50.27000045776367,,,,,,,,,,45090771.12093443,896971.7666666667,,,False,False,https://www.tradingview.com/chart/?symbol=NASDAQ:ACIW
ADEA,FAIL,$vol(30d) $21.3M < $50M,24.81999969482422,,,,,,,,,,21337380.610311635,859684.9666666667,,,False,False,https://www.tradingview.com/chart/?symbol=NASDAQ:ADEA
AGIO,FAIL,$vol(30d) $31.0M < $50M,33.06999969482422,,,,,,,,,,31046080.43883464,938798.9333333332,,,False,False,https://www.tradingview.com/chart/?symbol=NASDAQ:AGIO
AGYS,FAIL,$vol(30d) $25.1M < $50M,100.12999725341795,,,,,,,,,,25125313.14547526,250926.9333333333,,,False,False,https://www.tradingview.com/chart/?symbol=NASDAQ:AGYS
AHR,FAIL,history 137 weekly bars < ~3y (150),52.150001525878906,,,,,,,,,,173449006.8150177,3325963.6,137.0,,False,False,https://www.tradingview.com/chart/?symbol=NASDAQ:AHR
AIN,FAIL,$vol(30d) $17.4M < $50M,60.61000061035156,,,,,,,,,,17385986.756412763,286850.13333333336,,,False,False,https://www.tradingview.com/chart/?symbol=NASDAQ:AIN
ALL,FAIL,no weekly retest setup / geometry,249.8300018310547,,,,,,,,2.51,86.76,426588350.6615524,1707514.5,261.0,,False,False,https://www.tradingview.com/chart/?symbol=NASDAQ:ALL
ALRM,FAIL,$vol(30d) $22.0M < $50M,53.959999084472656,,,,,,,,,,22032144.620852157,408305.13333333336,,,False,False,https://www.tradingview.com/chart/?symbol=NASDAQ:ALRM
ANAB,FAIL,$vol(30d) $24.4M < $50M,55.20000076293945,,,,,,,,,,24409983.13737933,442209.8333333333,,,False,False,https://www.tradingview.com/chart/?symbol=NASDAQ:ANAB
ANDE,FAIL,$vol(30d) $26.8M < $50M,69.58999633789062,,,,,,,,,,26843559.35971578,385738.76666666666,,,False,False,https://www.tradingview.com/chart/?symbol=NASDAQ:ANDE
APLE,FAIL,$vol(30d) $37.9M < $50M,15.579999923706056,,,,,,,,,,37863713.397251256,2430276.8666666667,,,False,False,https://www.tradingview.com/chart/?symbol=NASDAQ:APLE
ARCB,FAIL,$vol(30d) $34.2M < $50M,128.72999572753906,,,,,,,,,,34201937.86686096,265687.4,,,False,False,https://www.tradingview.com/chart/?symbol=NASDAQ:ARCB
ARQT,FAIL,short float 15.12% >= 5%,25.3799991607666,,,,,,,,15.12,96.06,68606575.84740537,2703174.8666666667,261.0,,False,False,https://www.tradingview.com/chart/?symbol=NASDAQ:ARQT
ASH,FAIL,$vol(30d) $45.4M < $50M,69.05999755859375,,,,,,,,,,45403382.596901454,657448.3666666667,,,False,False,https://www.tradingview.com/chart/?symbol=NASDAQ:ASH
ATEN,FAIL,$vol(30d) $33.4M < $50M,26.149999618530277,,,,,,,,,,33351250.14514688,1275382.433333333,,,False,False,https://www.tradingview.com/chart/?symbol=NASDAQ:ATEN
ATEX,FAIL,$vol(30d) $26.6M < $50M,76.98999786376953,,,,,,,,,,26598897.1109642,345485.1,,,False,False,https://www.tradingview.com/chart/?symbol=NASDAQ:ATEX
AUB,FAIL,$vol(30d) $41.9M < $50M,39.02999877929688,,,,,,,,,,41911331.19518026,1073823.5333333334,,,False,False,https://www.tradingview.com/chart/?symbol=NASDAQ:AUB
AVNT,FAIL,$vol(30d) $32.1M < $50M,40.36000061035156,,,,,,,,,,32119665.65240224,795829.1666666666,,,False,False,https://www.tradingview.com/chart/?symbol=NASDAQ:AVNT
AWK,FAIL,short float 5.88% >= 5%,135.89999389648438,,,,,,,,5.88,105.63,281689158.5488281,2072768.0,261.0,,False,False,https://www.tradingview.com/chart/?symbol=NASDAQ:AWK
AWR,FAIL,$vol(30d) $17.7M < $50M,85.56999969482422,,,,,,,,,,17723195.585458882,207119.26666666663,,,False,False,https://www.tradingview.com/chart/?symbol=NASDAQ:AWR
AXGN,FAIL,$vol(30d) $47.7M < $50M,44.22999954223633,,,,,,,,,,47717066.16814651,1078839.4,,,False,False,https://www.tradingview.com/chart/?symbol=NASDAQ:AXGN
BAND,FAIL,$vol(30d) $41.6M < $50M,50.22999954223633,,,,,,,,,,41593669.40994225,828064.3,,,False,False,https://www.tradingview.com/chart/?symbol=NASDAQ:BAND
BANR,FAIL,$vol(30d) $22.1M < $50M,70.7300033569336,,,,,,,,,,22146558.98643646,313114.06666666665,,,False,False,https://www.tradingview.com/chart/?symbol=NASDAQ:BANR
BBT,FAIL,$vol(30d) $24.7M < $50M,30.82999992370605,,,,,,,,,,24662593.06330166,799954.3666666667,,,False,False,https://www.tradingview.com/chart/?symbol=NASDAQ:BBT
BCAX,FAIL,$vol(30d) $13.6M < $50M,22.63999938964844,,,,,,,,,,13575539.066017153,599626.3,,,False,False,https://www.tradingview.com/chart/?symbol=NASDAQ:BCAX
BELFB,FAIL,$vol(30d) $36.1M < $50M,241.97000122070312,,,,,,,,,,36148301.765696205,149391.66666666666,,,False,False,https://www.tradingview.com/chart/?symbol=NASDAQ:BELFB
BG,FAIL,no weekly retest setup / geometry,115.58000183105467,,,,,,,,4.22,80.22,192188260.9140401,1662815.8666666667,261.0,,False,False,https://www.tradingview.com/chart/?symbol=NASDAQ:BG
BHE,FAIL,$vol(30d) $24.2M < $50M,75.4000015258789,,,,,,,,,,24242492.877264917,321518.4666666667,,,False,False,https://www.tradingview.com/chart/?symbol=NASDAQ:BHE
BHVN,FAIL,$vol(30d) $45.1M < $50M,13.619999885559082,,,,,,,,,,45143272.154687405,3314484.033333333,,,False,False,https://www.tradingview.com/chart/?symbol=NASDAQ:BHVN
BJRI,FAIL,$vol(30d) $27.1M < $50M,59.540000915527344,,,,,,,,,,27060466.00410004,454492.2,,,False,False,https://www.tradingview.com/chart/?symbol=NASDAQ:BJRI
BPOP,FAIL,no weekly retest setup / geometry,162.02999877929688,,,,,,,,2.69,93.55,79574822.75049846,491111.6666666667,261.0,,False,False,https://www.tradingview.com/chart/?symbol=NASDAQ:BPOP
BTSG,FAIL,history 139 weekly bars < ~3y (150),56.77999877929688,,,,,,,,,,143980334.25192568,2535757.966666667,139.0,,False,False,https://www.tradingview.com/chart/?symbol=NASDAQ:BTSG
CAKE,FAIL,short float 20.59% >= 5%,96.51000213623048,,,,,,,,20.59,98.28,156560169.35242945,1622217.0333333334,261.0,,False,False,https://www.tradingview.com/chart/?symbol=NASDAQ:CAKE
CARS,FAIL,$vol(30d) $6.4M < $50M,11.140000343322754,,,,,,,,,,6396849.244477304,574223.4333333333,,,False,False,https://www.tradingview.com/chart/?symbol=NASDAQ:CARS
CBRL,FAIL,$vol(30d) $36.7M < $50M,45.060001373291016,,,,,,,,,,36709388.79478989,814677.9333333333,,,False,False,https://www.tradingview.com/chart/?symbol=NASDAQ:CBRL
CCSI,FAIL,$vol(30d) $6.6M < $50M,34.93000030517578,,,,,,,,,,6618421.1888237,189476.7,,,False,False,https://www.tradingview.com/chart/?symbol=NASDAQ:CCSI
CDP,FAIL,$vol(30d) $27.2M < $50M,34.380001068115234,,,,,,,,,,27150646.641514204,789722.1,,,False,False,https://www.tradingview.com/chart/?symbol=NASDAQ:CDP
CEVA,FAIL,$vol(30d) $25.3M < $50M,30.270000457763672,,,,,,,,,,25349947.880359262,837461.1,,,False,False,https://www.tradingview.com/chart/?symbol=NASDAQ:CEVA
CFR,FAIL,short float 6.67% >= 5%,159.8000030517578,,,,,,,,6.67,92.66,81711542.30047454,511336.3,261.0,,False,False,https://www.tradingview.com/chart/?symbol=NASDAQ:CFR
CLDT,FAIL,$vol(30d) $3.6M < $50M,12.979999542236328,,,,,,,,,,3599094.7057379405,277280.0333333333,,,False,False,https://www.tradingview.com/chart/?symbol=NASDAQ:CLDT
CLDX,FAIL,$vol(30d) $31.4M < $50M,38.2400016784668,,,,,,,,,,31417425.80033709,821585.3666666667,,,False,False,https://www.tradingview.com/chart/?symbol=NASDAQ:CLDX
CLYM,FAIL,$vol(30d) $22.9M < $50M,14.050000190734863,,,,,,,,,,22912595.12771511,1630789.6666666667,,,False,False,https://www.tradingview.com/chart/?symbol=NASDAQ:CLYM
CNA,FAIL,$vol(30d) $19.8M < $50M,48.02000045776367,,,,,,,,,,19780110.468559265,411914.0,,,False,False,https://www.tradingview.com/chart/?symbol=NASDAQ:CNA
CNK,FAIL,short float 8.16% >= 5%,34.9900016784668,,,,,,,,8.16,107.32,73143817.9700348,2090420.5333333332,261.0,,False,False,https://www.tradingview.com/chart/?symbol=NASDAQ:CNK
CNMD,FAIL,$vol(30d) $14.7M < $50M,45.41999816894531,,,,,,,,,,14652305.187309269,322595.9,,,False,False,https://www.tradingview.com/chart/?symbol=NASDAQ:CNMD
CNNE,FAIL,$vol(30d) $7.9M < $50M,14.960000038146973,,,,,,,,,,7893523.342794609,527641.9333333333,,,False,False,https://www.tradingview.com/chart/?symbol=NASDAQ:CNNE
CNR,FAIL,$vol(30d) $47.6M < $50M,91.08000183105467,,,,,,,,,,47553673.49600983,522108.8333333333,,,False,False,https://www.tradingview.com/chart/?symbol=NASDAQ:CNR
COLD,FAIL,short float 9.30% >= 5%,14.40999984741211,,,,,,,,9.3,110.01,50624850.73359871,3513174.966666667,261.0,,False,False,https://www.tradingview.com/chart/?symbol=NASDAQ:COLD
CPF,FAIL,$vol(30d) $6.3M < $50M,37.63999938964844,,,,,,,,,,6293287.449951172,167196.8,,,False,False,https://www.tradingview.com/chart/?symbol=NASDAQ:CPF
CPK,FAIL,$vol(30d) $21.6M < $50M,131.3800048828125,,,,,,,,,,21634568.750061035,164671.7,,,False,False,https://www.tradingview.com/chart/?symbol=NASDAQ:CPK
CROX,FAIL,short float 9.97% >= 5%,122.23999786376952,,,,,,,,9.97,101.14,126558366.19363631,1035326.9666666668,261.0,,False,False,https://www.tradingview.com/chart/?symbol=NASDAQ:CROX
CSCO,FAIL,no weekly retest setup / geometry,109.51000213623048,,,,,,,,1.41,83.65,2031805607.910782,18553607.6,261.0,,False,False,https://www.tradingview.com/chart/?symbol=NASDAQ:CSCO
CTRN,FAIL,$vol(30d) $10.5M < $50M,55.38999938964844,,,,,,,,,,10480373.172181703,189210.56666666668,,,False,False,https://www.tradingview.com/chart/?symbol=NASDAQ:CTRN
CTS,FAIL,$vol(30d) $11.1M < $50M,58.29999923706055,,,,,,,,,,11143617.320836384,191142.66666666663,,,False,False,https://www.tradingview.com/chart/?symbol=NASDAQ:CTS
CUBI,FAIL,$vol(30d) $19.4M < $50M,77.61000061035156,,,,,,,,,,19413005.959670518,250135.36666666667,,,False,False,https://www.tradingview.com/chart/?symbol=NASDAQ:CUBI
CURB,FAIL,$vol(30d) $42.6M < $50M,28.32999992370605,,,,,,,,,,42576894.36067187,1502890.7333333334,,,False,False,https://www.tradingview.com/chart/?symbol=NASDAQ:CURB
CUZ,FAIL,$vol(30d) $38.2M < $50M,28.290000915527344,,,,,,,,,,38205700.93042145,1350501.933333333,,,False,False,https://www.tradingview.com/chart/?symbol=NASDAQ:CUZ
CVS,FAIL,no weekly retest setup / geometry,88.83999633789062,,,,,,,,1.42,91.62,623074099.4080108,7013441.3,261.0,,False,False,https://www.tradingview.com/chart/?symbol=NYSE:CVS
CVSA,FAIL,$vol(30d) $44.5M < $50M,126.72000122070312,,,,,,,,,,44502636.71669719,351188.73333333334,,,False,False,https://www.tradingview.com/chart/?symbol=NASDAQ:CVSA
CWT,FAIL,$vol(30d) $23.1M < $50M,47.380001068115234,,,,,,,,,,23147447.403826524,488548.9,,,False,False,https://www.tradingview.com/chart/?symbol=NASDAQ:CWT
CZR,FAIL,short float 10.46% >= 5%,29.63999938964844,,,,,,,,10.46,95.74,111814522.54549764,3772419.866666666,261.0,,False,False,https://www.tradingview.com/chart/?symbol=NASDAQ:CZR
DAVE,FAIL,short float 24.60% >= 5%,337.82000732421875,,,,,,,,24.6,97.44,127743707.9962565,378141.3333333333,261.0,,False,False,https://www.tradingview.com/chart/?symbol=NASDAQ:DAVE
DBRG,FAIL,short float 6.80% >= 5%,15.880000114440918,,,,,,,,6.8,97.2,65364600.09772364,4116158.6666666665,261.0,,False,False,https://www.tradingview.com/chart/?symbol=NASDAQ:DBRG
DCO,FAIL,$vol(30d) $37.7M < $50M,166.25,,,,,,,,,,37738389.79166667,226997.8333333333,,,False,False,https://www.tradingview.com/chart/?symbol=NASDAQ:DCO
DFIN,FAIL,$vol(30d) $10.5M < $50M,47.810001373291016,,,,,,,,,,10536379.25831286,220380.2333333333,,,False,False,https://www.tradingview.com/chart/?symbol=NASDAQ:DFIN
DFTX,FAIL,short float 7.67% >= 5%,38.810001373291016,,,,,,,,7.67,84.37,90630562.8199604,2335237.3,261.0,,False,False,https://www.tradingview.com/chart/?symbol=NASDAQ:DFTX
DGII,FAIL,$vol(30d) $27.2M < $50M,72.12999725341797,,,,,,,,,,27151983.826434072,376431.2333333333,,,False,False,https://www.tradingview.com/chart/?symbol=NASDAQ:DGII
DNTH,FAIL,short float 18.12% >= 5%,96.80999755859376,,,,,,,,18.12,115.66,69438823.04685465,717269.1333333333,261.0,,False,False,https://www.tradingview.com/chart/?symbol=NASDAQ:DNTH
DRH,FAIL,$vol(30d) $31.8M < $50M,12.239999771118164,,,,,,,,,,31829755.87679958,2600470.3,,,False,False,https://www.tradingview.com/chart/?symbol=NASDAQ:DRH
DRI,FAIL,short float 5.88% >= 5%,209.27999877929688,,,,,,,,5.88,101.56,214463815.5170604,1024769.7666666668,261.0,,False,False,https://www.tradingview.com/chart/?symbol=NASDAQ:DRI
DVA,FAIL,short float 7.49% >= 5%,183.8600006103516,,,,,,,,7.49,93.6,136266399.2156906,741142.1666666666,261.0,,False,False,https://www.tradingview.com/chart/?symbol=NASDAQ:DVA
EAT,FAIL,short float 13.52% >= 5%,196.7100067138672,,,,,,,,13.52,113.1,253359754.37836763,1287986.1,261.0,,False,False,https://www.tradingview.com/chart/?symbol=NASDAQ:EAT
EBC,FAIL,$vol(30d) $44.9M < $50M,21.600000381469727,,,,,,,,,,44880086.23261083,2077781.7333333332,,,False,False,https://www.tradingview.com/chart/?symbol=NASDAQ:EBC
EBF,FAIL,$vol(30d) $3.4M < $50M,21.31999969482422,,,,,,,,,,3357581.573272705,157485.06666666668,,,False,False,https://www.tradingview.com/chart/?symbol=NASDAQ:EBF
EE,FAIL,$vol(30d) $14.9M < $50M,36.02000045776367,,,,,,,,,,14906718.70144348,413845.6,,,False,False,https://www.tradingview.com/chart/?symbol=NASDAQ:EE
EFSC,FAIL,$vol(30d) $15.2M < $50M,61.59999847412109,,,,,,,,,,15187652.103790283,246552.8,,,False,False,https://www.tradingview.com/chart/?symbol=NASDAQ:EFSC
EGP,FAIL,short float 5.11% >= 5%,202.3699951171875,,,,,,,,5.11,103.33,83645839.67144775,413331.2333333333,261.0,,False,False,https://www.tradingview.com/chart/?symbol=NASDAQ:EGP
EIG,FAIL,$vol(30d) $7.5M < $50M,48.970001220703125,,,,,,,,,,7476445.966369629,152674.0,,,False,False,https://www.tradingview.com/chart/?symbol=NASDAQ:EIG
ELVN,FAIL,short float 14.18% >= 5%,49.45000076293945,,,,,,,,14.18,96.06,55765296.623708345,1127710.7333333334,261.0,,False,False,https://www.tradingview.com/chart/?symbol=NASDAQ:ELVN
EPC,FAIL,$vol(30d) $15.0M < $50M,27.18000030517578,,,,,,,,,,15038875.368855791,553306.6666666666,,,False,False,https://www.tradingview.com/chart/?symbol=NASDAQ:EPC
EPR,FAIL,$vol(30d) $48.6M < $50M,56.720001220703125,,,,,,,,,,48562432.33047282,856178.2666666667,,,False,False,https://www.tradingview.com/chart/?symbol=NASDAQ:EPR
EROK,FAIL,$vol(30d) $3.8M < $50M,23.649999618530277,,,,,,,,,,3772677.107480813,159521.23333333334,,,False,False,https://www.tradingview.com/chart/?symbol=NASDAQ:EROK
ETSY,FAIL,short float 11.86% >= 5%,72.5999984741211,,,,,,,,11.86,123.77,230776315.869632,3178737.2,261.0,,False,False,https://www.tradingview.com/chart/?symbol=NASDAQ:ETSY
EVER,FAIL,$vol(30d) $12.8M < $50M,23.13999938964844,,,,,,,,,,12790986.390618896,552765.2,,,False,False,https://www.tradingview.com/chart/?symbol=NASDAQ:EVER
EXTR,FAIL,$vol(30d) $32.4M < $50M,22.309999465942383,,,,,,,,,,32360352.296689983,1450486.4666666666,,,False,False,https://www.tradingview.com/chart/?symbol=NASDAQ:EXTR
EZPW,FAIL,$vol(30d) $31.6M < $50M,30.649999618530277,,,,,,,,,,31550607.96898797,1029383.6333333332,,,False,False,https://www.tradingview.com/chart/?symbol=NASDAQ:EZPW
FAF,FAIL,short float 6.11% >= 5%,69.58999633789062,,,,,,,,6.11,97.28,51083541.22744242,734064.4333333333,261.0,,False,False,https://www.tradingview.com/chart/?symbol=NASDAQ:FAF
FBNC,FAIL,$vol(30d) $13.3M < $50M,63.380001068115234,,,,,,,,,,13338602.209456252,210454.4333333333,,,False,False,https://www.tradingview.com/chart/?symbol=NASDAQ:FBNC
FBP,FAIL,$vol(30d) $35.1M < $50M,27.57999992370605,,,,,,,,,,35124685.41483536,1273556.4,,,False,False,https://www.tradingview.com/chart/?symbol=NASDAQ:FBP
FFBC,FAIL,$vol(30d) $23.2M < $50M,32.09000015258789,,,,,,,,,,23185753.55324821,722522.7,,,False,False,https://www.tradingview.com/chart/?symbol=NASDAQ:FFBC
FHI,FAIL,$vol(30d) $34.9M < $50M,57.09999847412109,,,,,,,,,,34935918.41307678,611837.4666666667,,,False,False,https://www.tradingview.com/chart/?symbol=NASDAQ:FHI
FIBK,FAIL,$vol(30d) $38.9M < $50M,37.34999847412109,,,,,,,,,,38894834.25100912,1041361.0666666668,,,False,False,https://www.tradingview.com/chart/?symbol=NASDAQ:FIBK
FISI,FAIL,$vol(30d) $6.1M < $50M,40.63999938964844,,,,,,,,,,6094941.913796489,149973.96666666667,,,False,False,https://www.tradingview.com/chart/?symbol=NASDAQ:FISI
FLEX,FAIL,no weekly retest setup / geometry,108.51000213623048,,,,,,,,2.69,96.61,337467625.78370667,3110014.0,261.0,,False,False,https://www.tradingview.com/chart/?symbol=NASDAQ:FLEX
FLYW,FAIL,$vol(30d) $25.6M < $50M,17.34000015258789,,,,,,,,,,25587245.82316169,1475619.7,,,False,False,https://www.tradingview.com/chart/?symbol=NASDAQ:FLYW
FNB,FAIL,short float 7.30% >= 5%,17.93000030517578,,,,,,,,7.3,93.61,63441545.56113383,3538290.2666666666,261.0,,False,False,https://www.tradingview.com/chart/?symbol=NASDAQ:FNB
FOXF,FAIL,$vol(30d) $9.7M < $50M,18.770000457763672,,,,,,,,,,9673460.724250158,515368.1666666667,,,False,False,https://www.tradingview.com/chart/?symbol=NASDAQ:FOXF
FRST,FAIL,$vol(30d) $2.6M < $50M,15.90999984741211,,,,,,,,,,2567977.9207046507,161406.53333333333,,,False,False,https://www.tradingview.com/chart/?symbol=NASDAQ:FRST
FTDR,FAIL,$vol(30d) $40.2M < $50M,78.29000091552734,,,,,,,,,,40161254.25331447,512980.63333333336,,,False,False,https://www.tradingview.com/chart/?symbol=NASDAQ:FTDR
FULT,FAIL,$vol(30d) $35.6M < $50M,23.399999618530277,,,,,,,,,,35601257.83962383,1521421.3,,,False,False,https://www.tradingview.com/chart/?symbol=NASDAQ:FULT
GCMG,FAIL,$vol(30d) $6.3M < $50M,13.140000343322754,,,,,,,,,,6300802.73662777,479513.13333333336,,,False,False,https://www.tradingview.com/chart/?symbol=NASDAQ:GCMG
GCO,FAIL,$vol(30d) $8.3M < $50M,32.7599983215332,,,,,,,,,,8261557.244717025,252184.3,,,False,False,https://www.tradingview.com/chart/?symbol=NASDAQ:GCO
GDOT,FAIL,$vol(30d) $4.6M < $50M,13.170000076293944,,,,,,,,,,4564319.902441152,346569.4666666667,,,False,False,https://www.tradingview.com/chart/?symbol=NASDAQ:GDOT
GEV,FAIL,history 130 weekly bars < ~3y (150),940.3300170898438,,,,,,,,,,2032153656.8656452,2161106.8666666667,130.0,,False,False,https://www.tradingview.com/chart/?symbol=NASDAQ:GEV
GFF,FAIL,$vol(30d) $30.6M < $50M,93.22000122070312,,,,,,,,,,30638440.68320617,328668.1,,,False,False,https://www.tradingview.com/chart/?symbol=NASDAQ:GFF
GKOS,FAIL,short float 6.75% >= 5%,163.80999755859375,,,,,,,,6.75,103.76,113611324.76174928,693555.5,261.0,,False,False,https://www.tradingview.com/chart/?symbol=NASDAQ:GKOS
GL,FAIL,no weekly retest setup / geometry,173.4199981689453,,,,,,,,2.71,88.08,77030845.13933666,444186.63333333336,261.0,,False,False,https://www.tradingview.com/chart/?symbol=NASDAQ:GL
GPC,FAIL,short float 5.47% >= 5%,128.0800018310547,,,,,,,,5.47,96.05,141085070.1743108,1101538.6333333333,261.0,,False,False,https://www.tradingview.com/chart/?symbol=NASDAQ:GPC
GPN,FAIL,no price history,,,,,,,,,,,,,,,False,False,https://www.tradingview.com/chart/?symbol=NASDAQ:GPN
GPRE,FAIL,$vol(30d) $24.5M < $50M,15.149999618530272,,,,,,,,,,24525391.04246241,1618837.7333333334,,,False,False,https://www.tradingview.com/chart/?symbol=NASDAQ:GPRE
GRPN,FAIL,$vol(30d) $23.6M < $50M,19.07999992370605,,,,,,,,,,23644203.025455475,1239214.0,,,False,False,https://www.tradingview.com/chart/?symbol=NASDAQ:GRPN
GTES,FAIL,$vol(30d) $44.2M < $50M,25.61000061035156,,,,,,,,,,44153986.928302005,1724091.6,,,False,False,https://www.tradingview.com/chart/?symbol=NASDAQ:GTES
GTX,FAIL,no weekly retest setup / geometry,26.270000457763672,,,,,,,,2.72,94.85,75929454.66676317,2890348.433333333,261.0,,False,False,https://www.tradingview.com/chart/?symbol=NASDAQ:GTX
HBNC,FAIL,$vol(30d) $9.5M < $50M,19.479999542236328,,,,,,,,,,9548321.770289104,490160.26666666666,,,False,False,https://www.tradingview.com/chart/?symbol=NASDAQ:HBNC
HCSG,FAIL,$vol(30d) $14.0M < $50M,21.46999931335449,,,,,,,,,,14015115.30077381,652776.7,,,False,False,https://www.tradingview.com/chart/?symbol=NASDAQ:HCSG
HFWA,FAIL,$vol(30d) $10.5M < $50M,28.190000534057617,,,,,,,,,,10480011.38420976,371763.43333333335,,,False,False,https://www.tradingview.com/chart/?symbol=NASDAQ:HFWA
HIW,FAIL,$vol(30d) $31.4M < $50M,30.420000076293945,,,,,,,,,,31418810.35879898,1032834.0,,,False,False,https://www.tradingview.com/chart/?symbol=NASDAQ:HIW
HMN,FAIL,no price history,,,,,,,,,,,,,,,False,False,https://www.tradingview.com/chart/?symbol=NASDAQ:HMN
HNI,FAIL,$vol(30d) $23.9M < $50M,46.11000061035156,,,,,,,,,,23896005.217308044,518239.1,,,False,False,https://www.tradingview.com/chart/?symbol=NASDAQ:HNI
HOG,FAIL,$vol(30d) $45.6M < $50M,25.93000030517578,,,,,,,,,,45575134.67471695,1757621.8333333333,,,False,False,https://www.tradingview.com/chart/?symbol=NASDAQ:HOG
HPP,FAIL,$vol(30d) $7.3M < $50M,11.510000228881836,,,,,,,,,,7280249.329437891,632515.1333333333,,,False,False,https://www.tradingview.com/chart/?symbol=NASDAQ:HPP
HQY,FAIL,no price history,,,,,,,,,,,,,,,False,False,https://www.tradingview.com/chart/?symbol=NASDAQ:HQY
HRB,FAIL,short float 13.82% >= 5%,44.25,,,,,,,,13.82,104.97,103251809.825,2333374.2333333334,261.0,,False,False,https://www.tradingview.com/chart/?symbol=NASDAQ:HRB
HSIC,FAIL,no price history,,,,,,,,,,,,,,,False,False,https://www.tradingview.com/chart/?symbol=NASDAQ:HSIC
HST,FAIL,short float 5.83% >= 5%,21.84000015258789,,,,,,,,5.83,105.97,191776642.39587143,8780981.733333332,261.0,,False,False,https://www.tradingview.com/chart/?symbol=NASDAQ:HST
HTO,FAIL,$vol(30d) $24.3M < $50M,62.66999816894531,,,,,,,,,,24289995.109309383,387585.7,,,False,False,https://www.tradingview.com/chart/?symbol=NASDAQ:HTO
HUM,FAIL,no price history,,,,,,,,,,,,,,,False,False,https://www.tradingview.com/chart/?symbol=NASDAQ:HUM
HWC,FAIL,short float 6.94% >= 5%,74.94999694824219,,,,,,,,6.94,97.67,53096688.92971547,708428.1666666666,261.0,,False,False,https://www.tradingview.com/chart/?symbol=NASDAQ:HWC
IART,FAIL,$vol(30d) $11.7M < $50M,15.220000267028809,,,,,,,,,,11653035.423781171,765639.6333333333,,,False,False,https://www.tradingview.com/chart/?symbol=NASDAQ:IART
IBCP,FAIL,$vol(30d) $6.2M < $50M,36.22999954223633,,,,,,,,,,6227800.454978816,171896.23333333334,,,False,False,https://www.tradingview.com/chart/?symbol=NASDAQ:IBCP
IBKR,FAIL,no weekly retest setup / geometry,90.69000244140624,,,,,,,,2.35,88.24,359040035.854482,3958981.433333333,261.0,,False,False,https://www.tradingview.com/chart/?symbol=NASDAQ:IBKR
ICFI,FAIL,$vol(30d) $16.8M < $50M,85.20999908447266,,,,,,,,,,16808388.08340454,197258.4,,,False,False,https://www.tradingview.com/chart/?symbol=NASDAQ:ICFI
ICUI,FAIL,$vol(30d) $40.4M < $50M,152.64999389648438,,,,,,,,,,40398154.31306458,264645.63333333336,,,False,False,https://www.tradingview.com/chart/?symbol=NASDAQ:ICUI
IMNM,FAIL,$vol(30d) $27.2M < $50M,23.96999931335449,,,,,,,,,,27228080.72102337,1135923.3,,,False,False,https://www.tradingview.com/chart/?symbol=NASDAQ:IMNM
INDB,FAIL,$vol(30d) $25.1M < $50M,82.23999786376953,,,,,,,,,,25078859.817895763,304947.23333333334,,,False,False,https://www.tradingview.com/chart/?symbol=NASDAQ:INDB
IRDM,FAIL,$vol(30d) $46.6M < $50M,46.77000045776367,,,,,,,,,,46567395.93378067,995668.0666666668,,,False,False,https://www.tradingview.com/chart/?symbol=NASDAQ:IRDM
JANX,FAIL,$vol(30d) $15.0M < $50M,16.59000015258789,,,,,,,,,,15024697.140190888,905647.8,,,False,False,https://www.tradingview.com/chart/?symbol=NASDAQ:JANX
KALU,FAIL,$vol(30d) $34.9M < $50M,150.1300048828125,,,,,,,,,,34893841.27655029,232424.16666666663,,,False,False,https://www.tradingview.com/chart/?symbol=NASDAQ:KALU
KDP,FAIL,short float 5.84% >= 5%,30.959999084472656,,,,,,,,5.84,108.85,326087661.9891647,10532547.533333331,261.0,,False,False,https://www.tradingview.com/chart/?symbol=NASDAQ:KDP
KFRC,FAIL,$vol(30d) $13.9M < $50M,51.880001068115234,,,,,,,,,,13886472.591230648,267665.23333333334,,,False,False,https://www.tradingview.com/chart/?symbol=NASDAQ:KFRC
KFY,FAIL,$vol(30d) $34.9M < $50M,76.77999877929688,,,,,,,,,,34858367.70113017,454003.2333333333,,,False,False,https://www.tradingview.com/chart/?symbol=NASDAQ:KFY
KGS,FAIL,short float 8.23% >= 5%,58.72999954223633,,,,,,,,8.23,104.33,106789498.16564256,1818312.6,169.0,,False,False,https://www.tradingview.com/chart/?symbol=NASDAQ:KGS
KHC,FAIL,short float 8.35% >= 5%,24.43000030517578,,,,,,,,8.35,92.83,489976644.76404566,20056350.33333333,261.0,,False,False,https://www.tradingview.com/chart/?symbol=NASDAQ:KHC
KMX,FAIL,short float 8.05% >= 5%,57.209999084472656,,,,,,,,8.05,103.0,98984799.53295363,1730201.0333333334,261.0,,False,False,https://www.tradingview.com/chart/?symbol=NASDAQ:KMX
KN,FAIL,$vol(30d) $26.4M < $50M,35.54999923706055,,,,,,,,,,26385592.188738126,742210.7666666667,,,False,False,https://www.tradingview.com/chart/?symbol=NASDAQ:KN
KNX,FAIL,short float 6.97% >= 5%,66.68000030517578,,,,,,,,6.97,100.73,218605846.76049805,3278432.0,261.0,,False,False,https://www.tradingview.com/chart/?symbol=NASDAQ:KNX
KOP,FAIL,$vol(30d) $9.3M < $50M,45.33000183105469,,,,,,,,,,9312291.865159608,205433.3,,,False,False,https://www.tradingview.com/chart/?symbol=NASDAQ:KOP
KRYS,FAIL,short float 12.89% >= 5%,336.6700134277344,,,,,,,,12.89,99.18,82051285.4311971,243714.26666666663,261.0,,False,False,https://www.tradingview.com/chart/?symbol=NASDAQ:KRYS
KWR,FAIL,$vol(30d) $24.0M < $50M,154.4199981689453,,,,,,,,,,23968176.479794312,155214.2,,,False,False,https://www.tradingview.com/chart/?symbol=NASDAQ:KWR
LAD,FAIL,short float 9.10% >= 5%,316.2699890136719,,,,,,,,9.1,112.38,72427398.29174297,229004.96666666667,261.0,,False,False,https://www.tradingview.com/chart/?symbol=NASDAQ:LAD
LAMR,FAIL,no weekly retest setup / geometry,146.80999755859375,,,,,,,,3.55,85.48,76936929.23222859,524057.8333333333,261.0,,False,False,https://www.tradingview.com/chart/?symbol=NASDAQ:LAMR
LAUR,FAIL,$vol(30d) $33.9M < $50M,36.130001068115234,,,,,,,,,,33876252.54882075,937621.1333333332,,,False,False,https://www.tradingview.com/chart/?symbol=NASDAQ:LAUR
LBRX,FAIL,$vol(30d) $12.3M < $50M,42.470001220703125,,,,,,,,,,12312722.964234415,289915.76666666666,,,False,False,https://www.tradingview.com/chart/?symbol=NASDAQ:LBRX
LGND,FAIL,short float 12.76% >= 5%,283.489990234375,,,,,,,,12.76,114.6,61934766.89147949,218472.5,261.0,,False,False,https://www.tradingview.com/chart/?symbol=NASDAQ:LGND
LIND,FAIL,$vol(30d) $22.4M < $50M,27.540000915527344,,,,,,,,,,22396052.00452423,813219.0,,,False,False,https://www.tradingview.com/chart/?symbol=NASDAQ:LIND
LNC,FAIL,short float 7.29% >= 5%,42.20000076293945,,,,,,,,7.29,86.16,82706927.64860293,1959879.7666666664,261.0,,False,False,https://www.tradingview.com/chart/?symbol=NASDAQ:LNC
LNTH,FAIL,short float 6.72% >= 5%,100.5500030517578,,,,,,,,6.72,116.53,129359328.49613953,1286517.4,261.0,,False,False,https://www.tradingview.com/chart/?symbol=NASDAQ:LNTH
LOCO,FAIL,$vol(30d) $3.5M < $50M,14.220000267028809,,,,,,,,,,3486813.2694767634,245204.86666666667,,,False,False,https://www.tradingview.com/chart/?symbol=NASDAQ:LOCO
LTH,FAIL,no weekly retest setup / geometry,40.75,,,,,,,,4.85,85.2,124248663.89166668,3049046.966666667,259.0,,False,False,https://www.tradingview.com/chart/?symbol=NASDAQ:LTH
LYV,FAIL,short float 15.10% >= 5%,167.1199951171875,,,,,,,,15.1,84.86,309987469.6949707,1854879.6,261.0,,False,False,https://www.tradingview.com/chart/?symbol=NASDAQ:LYV
M,FAIL,short float 12.44% >= 5%,21.940000534057617,,,,,,,,12.44,99.51,136610480.34066907,6226548.633333334,261.0,,False,False,https://www.tradingview.com/chart/?symbol=NASDAQ:M
MAC,FAIL,short float 10.76% >= 5%,22.6299991607666,,,,,,,,10.76,111.17,80369268.27683945,3551448.1333333333,261.0,,False,False,https://www.tradingview.com/chart/?symbol=NASDAQ:MAC
MBIN,FAIL,$vol(30d) $10.7M < $50M,52.06999969482422,,,,,,,,,,10714308.455204772,205767.4,,,False,False,https://www.tradingview.com/chart/?symbol=NASDAQ:MBIN
MBX,FAIL,$vol(30d) $28.7M < $50M,62.90999984741211,,,,,,,,,,28693380.944404345,456102.06666666665,,,False,False,https://www.tradingview.com/chart/?symbol=NASDAQ:MBX
MCB,FAIL,$vol(30d) $9.7M < $50M,89.19000244140625,,,,,,,,,,9719034.56604004,108970.0,,,False,False,https://www.tradingview.com/chart/?symbol=NASDAQ:MCB
MD,FAIL,$vol(30d) $20.0M < $50M,25.93000030517578,,,,,,,,,,20027741.89604416,772377.2333333333,,,False,False,https://www.tradingview.com/chart/?symbol=NASDAQ:MD
MEI,FAIL,$vol(30d) $9.6M < $50M,13.270000457763672,,,,,,,,,,9606865.045733009,723953.6333333333,,,False,False,https://www.tradingview.com/chart/?symbol=NASDAQ:MEI
MHO,FAIL,$vol(30d) $27.5M < $50M,138.83999633789062,,,,,,,,,,27476351.97127075,197899.4,,,False,False,https://www.tradingview.com/chart/?symbol=NASDAQ:MHO
MITK,FAIL,$vol(30d) $12.5M < $50M,16.729999542236328,,,,,,,,,,12536207.464652888,749325.0333333333,,,False,False,https://www.tradingview.com/chart/?symbol=NASDAQ:MITK
MLKN,FAIL,$vol(30d) $11.6M < $50M,20.65999984741211,,,,,,,,,,11639305.376702627,563373.9333333333,,,False,False,https://www.tradingview.com/chart/?symbol=NASDAQ:MLKN
MOH,FAIL,short float 5.99% >= 5%,200.7899932861328,,,,,,,,5.99,108.8,116598561.69726358,580699.0666666667,261.0,,False,False,https://www.tradingview.com/chart/?symbol=NASDAQ:MOH
MSA,FAIL,$vol(30d) $44.2M < $50M,179.66000366210938,,,,,,,,,,44204385.71437581,246044.66666666663,,,False,False,https://www.tradingview.com/chart/?symbol=NASDAQ:MSA
MSEX,FAIL,$vol(30d) $7.0M < $50M,55.31999969482422,,,,,,,,,,6954734.4736338295,125718.26666666666,,,False,False,https://www.tradingview.com/chart/?symbol=NASDAQ:MSEX
MTN,FAIL,short float 16.42% >= 5%,139.8000030517578,,,,,,,,16.42,130.38,92401240.73706868,660953.0666666667,261.0,,False,False,https://www.tradingview.com/chart/?symbol=NASDAQ:MTN
MTUS,FAIL,$vol(30d) $6.4M < $50M,19.11000061035156,,,,,,,,,,6379333.527748616,333821.73333333334,,,False,False,https://www.tradingview.com/chart/?symbol=NASDAQ:MTUS
MYE,FAIL,$vol(30d) $10.2M < $50M,30.979999542236328,,,,,,,,,,10230426.112834169,330226.8,,,False,False,https://www.tradingview.com/chart/?symbol=NASDAQ:MYE
NATL,FAIL,$vol(30d) $32.2M < $50M,45.63999938964844,,,,,,,,,,32239086.924861144,706377.9,,,False,False,https://www.tradingview.com/chart/?symbol=NASDAQ:NATL
NKTR,FAIL,short float 18.36% >= 5%,67.0999984741211,,,,,,,,18.36,103.22,50010796.402735904,745317.4,261.0,,False,False,https://www.tradingview.com/chart/?symbol=NASDAQ:NKTR
NMIH,FAIL,$vol(30d) $20.6M < $50M,42.900001525878906,,,,,,,,,,20637820.794051614,481068.06666666665,,,False,False,https://www.tradingview.com/chart/?symbol=NASDAQ:NMIH
NOV,FAIL,short float 7.05% >= 5%,20.06999969482422,,,,,,,,7.05,103.71,64071164.63776143,3192384.933333333,261.0,,False,False,https://www.tradingview.com/chart/?symbol=NASDAQ:NOV
NPO,FAIL,$vol(30d) $45.2M < $50M,292.5,,,,,,,,,,45157105.5,154383.26666666666,,,False,False,https://www.tradingview.com/chart/?symbol=NASDAQ:NPO
NSP,FAIL,$vol(30d) $19.4M < $50M,50.310001373291016,,,,,,,,,,19351768.86023712,384650.5333333333,,,False,False,https://www.tradingview.com/chart/?symbol=NASDAQ:NSP
NTCT,FAIL,$vol(30d) $25.8M < $50M,38.209999084472656,,,,,,,,,,25752003.340971377,673959.8,,,False,False,https://www.tradingview.com/chart/?symbol=NASDAQ:NTCT
NUE,FAIL,no weekly retest setup / geometry,248.3800048828125,,,,,,,,1.82,82.69,330719127.3288208,1331504.6333333333,261.0,,False,False,https://www.tradingview.com/chart/?symbol=NASDAQ:NUE
NVEC,FAIL,$vol(30d) $12.6M < $50M,100.56999969482422,,,,,,,,,,12585611.357809449,125142.8,,,False,False,https://www.tradingview.com/chart/?symbol=NASDAQ:NVEC
NVRI,FAIL,$vol(30d) $7.6M < $50M,20.6200008392334,,,,,,,,,,7557145.7655756,366495.9,,,False,False,https://www.tradingview.com/chart/?symbol=NASDAQ:NVRI
NWPX,FAIL,$vol(30d) $14.9M < $50M,101.33000183105467,,,,,,,,,,14880665.42389679,146853.5,,,False,False,https://www.tradingview.com/chart/?symbol=NASDAQ:NWPX
OII,FAIL,$vol(30d) $42.0M < $50M,46.290000915527344,,,,,,,,,,42038981.82645035,908165.5,,,False,False,https://www.tradingview.com/chart/?symbol=NASDAQ:OII
ONB,FAIL,short float 5.17% >= 5%,25.270000457763672,,,,,,,,5.17,86.55,88357813.36192678,3496549.7333333334,261.0,,False,False,https://www.tradingview.com/chart/?symbol=NASDAQ:ONB
ONTO,FAIL,short float 5.06% >= 5%,263.42999267578125,,,,,,,,5.06,100.84,268292936.68357545,1018460.1,261.0,,False,False,https://www.tradingview.com/chart/?symbol=NASDAQ:ONTO
OPLN,FAIL,$vol(30d) $49.0M < $50M,34.27000045776367,,,,,,,,,,49037815.25535902,1430925.433333333,,,False,False,https://www.tradingview.com/chart/?symbol=NASDAQ:OPLN
ORKA,FAIL,short float 13.26% >= 5%,94.95999908447266,,,,,,,,13.26,103.55,78213869.71792527,823650.7,261.0,,False,False,https://www.tradingview.com/chart/?symbol=NASDAQ:ORKA
PAYX,FAIL,short float 6.39% >= 5%,116.13999938964844,,,,,,,,6.39,85.78,289889127.85720974,2496031.7666666666,261.0,,False,False,https://www.tradingview.com/chart/?symbol=NASDAQ:PAYX
PBI,FAIL,$vol(30d) $27.2M < $50M,16.850000381469727,,,,,,,,,,27231487.25483112,1616111.9666666666,,,False,False,https://www.tradingview.com/chart/?symbol=NASDAQ:PBI
PCRX,FAIL,$vol(30d) $13.9M < $50M,24.690000534057617,,,,,,,,,,13869721.374009322,561754.6,,,False,False,https://www.tradingview.com/chart/?symbol=NASDAQ:PCRX
PCVX,FAIL,short float 10.33% >= 5%,58.130001068115234,,,,,,,,10.33,111.43,66033303.69633523,1135959.1,261.0,,False,False,https://www.tradingview.com/chart/?symbol=NASDAQ:PCVX
PDFS,FAIL,$vol(30d) $27.5M < $50M,44.27999877929688,,,,,,,,,,27494034.262049355,620913.1666666666,,,False,False,https://www.tradingview.com/chart/?symbol=NASDAQ:PDFS
PEB,FAIL,$vol(30d) $36.1M < $50M,18.040000915527344,,,,,,,,,,36130131.38559876,2002778.8,,,False,False,https://www.tradingview.com/chart/?symbol=NASDAQ:PEB
PENG,FAIL,short float 13.20% >= 5%,53.29999923706055,,,,,,,,13.2,121.92,79541196.74477577,1492330.1666666667,261.0,,False,False,https://www.tradingview.com/chart/?symbol=NASDAQ:PENG
PGNY,FAIL,$vol(30d) $32.0M < $50M,27.1299991607666,,,,,,,,,,31990518.472745705,1179156.6333333333,,,False,False,https://www.tradingview.com/chart/?symbol=NASDAQ:PGNY
PK,FAIL,short float 17.86% >= 5%,14.989999771118164,,,,,,,,17.86,108.59,56180854.75250963,3747888.966666667,261.0,,False,False,https://www.tradingview.com/chart/?symbol=NASDAQ:PK
PKE,FAIL,$vol(30d) $7.6M < $50M,30.34000015258789,,,,,,,,,,7570715.966075134,249529.2,,,False,False,https://www.tradingview.com/chart/?symbol=NASDAQ:PKE
PLXS,FAIL,no weekly retest setup / geometry,246.72999572753903,,,,,,,,3.3,100.86,53806638.96259918,218079.03333333333,261.0,,False,False,https://www.tradingview.com/chart/?symbol=NASDAQ:PLXS
PRGS,FAIL,$vol(30d) $19.1M < $50M,40.11000061035156,,,,,,,,,,19113444.780848183,476525.6666666667,,,False,False,https://www.tradingview.com/chart/?symbol=NASDAQ:PRGS
PRM,FAIL,$vol(30d) $35.7M < $50M,32.18000030517578,,,,,,,,,,35710816.755326584,1109720.8333333333,,,False,False,https://www.tradingview.com/chart/?symbol=NASDAQ:PRM
PRSU,FAIL,$vol(30d) $11.1M < $50M,48.86000061035156,,,,,,,,,,11138927.043145752,227976.4,,,False,False,https://www.tradingview.com/chart/?symbol=NASDAQ:PRSU
PSMT,FAIL,$vol(30d) $39.2M < $50M,168.66000366210938,,,,,,,,,,39222614.711639404,232554.3333333333,,,False,False,https://www.tradingview.com/chart/?symbol=NASDAQ:PSMT
PTGX,FAIL,short float 12.60% >= 5%,143.0,,,,,,,,12.6,115.13,78067966.16666667,545929.8333333334,261.0,,False,False,https://www.tradingview.com/chart/?symbol=NASDAQ:PTGX
PWR,FAIL,no weekly retest setup / geometry,636.7100219726562,,,,,,,,2.1,92.51,627608549.3399007,985705.4666666668,261.0,,False,False,https://www.tradingview.com/chart/?symbol=NASDAQ:PWR
QNST,FAIL,$vol(30d) $19.4M < $50M,17.549999237060547,,,,,,,,,,19400203.81162783,1105424.7666666666,,,False,False,https://www.tradingview.com/chart/?symbol=NASDAQ:QNST
QTWO,FAIL,$vol(30d) $38.1M < $50M,58.72999954223633,,,,,,,,,,38132045.74345118,649277.1333333333,,,False,False,https://www.tradingview.com/chart/?symbol=NASDAQ:QTWO
RAMP,FAIL,$vol(30d) $42.4M < $50M,37.65999984741211,,,,,,,,,,42356098.89105148,1124697.2666666666,,,False,False,https://www.tradingview.com/chart/?symbol=NASDAQ:RAMP
RELY,FAIL,short float 8.76% >= 5%,21.93000030517578,,,,,,,,8.76,85.4,83166004.93033014,3792339.433333333,261.0,,False,False,https://www.tradingview.com/chart/?symbol=NASDAQ:RELY
REX,FAIL,$vol(30d) $8.3M < $50M,43.22999954223633,,,,,,,,,,8271319.738414764,191332.86666666667,,,False,False,https://www.tradingview.com/chart/?symbol=NASDAQ:REX
RHI,FAIL,short float 21.94% >= 5%,37.380001068115234,,,,,,,,21.94,124.41,72881679.51055832,1949750.6,261.0,,False,False,https://www.tradingview.com/chart/?symbol=NASDAQ:RHI
RHP,FAIL,no weekly retest setup / geometry,121.94000244140624,,,,,,,,4.0,94.3,104388255.21066284,856062.4333333333,261.0,,False,False,https://www.tradingview.com/chart/?symbol=NASDAQ:RHP
RLAY,FAIL,short float 25.38% >= 5%,18.84000015258789,,,,,,,,25.38,98.97,55386102.48858007,2939814.333333333,261.0,,False,False,https://www.tradingview.com/chart/?symbol=NASDAQ:RLAY
RLI,FAIL,$vol(30d) $35.9M < $50M,59.38999938964844,,,,,,,,,,35903469.87801972,604537.3,,,False,False,https://www.tradingview.com/chart/?symbol=NASDAQ:RLI
RLJ,FAIL,$vol(30d) $19.5M < $50M,10.789999961853027,,,,,,,,,,19534561.930270832,1810432.066666667,,,False,False,https://www.tradingview.com/chart/?symbol=NASDAQ:RLJ
RNST,FAIL,$vol(30d) $24.5M < $50M,40.619998931884766,,,,,,,,,,24484198.566180546,602762.1666666666,,,False,False,https://www.tradingview.com/chart/?symbol=NASDAQ:RNST
ROG,FAIL,$vol(30d) $25.0M < $50M,129.77000427246094,,,,,,,,,,25038317.750344846,192943.8,,,False,False,https://www.tradingview.com/chart/?symbol=NASDAQ:ROG
RPRX,FAIL,no weekly retest setup / geometry,58.40999984741211,,,,,,,,2.85,85.11,181116588.53185844,3100780.5,261.0,,False,False,https://www.tradingview.com/chart/?symbol=NASDAQ:RPRX
RS,FAIL,no weekly retest setup / geometry,390.1499938964844,,,,,,,,2.09,83.28,130829322.578303,335330.8333333333,261.0,,False,False,https://www.tradingview.com/chart/?symbol=NASDAQ:RS
RUSHA,FAIL,$vol(30d) $31.2M < $50M,48.91999816894531,,,,,,,,,,31216563.432910662,638114.5666666667,,,False,False,https://www.tradingview.com/chart/?symbol=NASDAQ:RUSHA
RVMD,FAIL,short float 5.04% >= 5%,190.9499969482422,,,,,,,,5.04,92.44,354890498.7281494,1858552.0,261.0,,False,False,https://www.tradingview.com/chart/?symbol=NASDAQ:RVMD
RXO,FAIL,$vol(30d) $32.5M < $50M,20.26000022888184,,,,,,,,,,32533629.25220648,1605805.9666666666,,,False,False,https://www.tradingview.com/chart/?symbol=NASDAQ:RXO
SBCF,FAIL,$vol(30d) $27.4M < $50M,33.70000076293945,,,,,,,,,,27370654.21631508,812185.5666666667,,,False,False,https://www.tradingview.com/chart/?symbol=NASDAQ:SBCF
SBH,FAIL,$vol(30d) $19.3M < $50M,15.789999961853027,,,,,,,,,,19344586.33026552,1225116.3,,,False,False,https://www.tradingview.com/chart/?symbol=NASDAQ:SBH
SCL,FAIL,$vol(30d) $8.1M < $50M,61.880001068115234,,,,,,,,,,8147061.123293686,131659.03333333333,,,False,False,https://www.tradingview.com/chart/?symbol=NASDAQ:SCL
SFNC,FAIL,$vol(30d) $27.5M < $50M,22.88999938964844,,,,,,,,,,27467659.73258718,1199985.1666666667,,,False,False,https://www.tradingview.com/chart/?symbol=NASDAQ:SFNC
SFST,FAIL,$vol(30d) $5.7M < $50M,61.68000030517578,,,,,,,,,,5694293.516173808,92319.93333333332,,,False,False,https://www.tradingview.com/chart/?symbol=NASDAQ:SFST
SHO,FAIL,$vol(30d) $25.6M < $50M,11.039999961853027,,,,,,,,,,25625014.56745681,2321106.4,,,False,False,https://www.tradingview.com/chart/?symbol=NASDAQ:SHO
SHOO,FAIL,$vol(30d) $41.5M < $50M,42.11000061035156,,,,,,,,,,41472744.35644837,984866.8666666668,,,False,False,https://www.tradingview.com/chart/?symbol=NASDAQ:SHOO
SIBN,FAIL,$vol(30d) $9.4M < $50M,18.09000015258789,,,,,,,,,,9445977.592676165,522165.7,,,False,False,https://www.tradingview.com/chart/?symbol=NASDAQ:SIBN
SIGI,FAIL,$vol(30d) $33.3M < $50M,86.69999694824219,,,,,,,,,,33319479.307185877,384307.7333333333,,,False,False,https://www.tradingview.com/chart/?symbol=NASDAQ:SIGI
SIRI,FAIL,short float 10.21% >= 5%,27.309999465942383,,,,,,,,10.21,84.17,104016166.6552569,3808720.933333333,261.0,,False,False,https://www.tradingview.com/chart/?symbol=NASDAQ:SIRI
SKWD,FAIL,$vol(30d) $25.2M < $50M,56.310001373291016,,,,,,,,,,25242463.46961441,448276.7333333333,,,False,False,https://www.tradingview.com/chart/?symbol=NASDAQ:SKWD
SLB,FAIL,no weekly retest setup / geometry,51.119998931884766,,,,,,,,3.72,93.73,639113875.19018,12502227.866666667,261.0,,False,False,https://www.tradingview.com/chart/?symbol=NASDAQ:SLB
SLG,FAIL,$vol(30d) $43.1M < $50M,52.08000183105469,,,,,,,,,,43060802.73795319,826820.3,,,False,False,https://www.tradingview.com/chart/?symbol=NASDAQ:SLG
SLM,FAIL,$vol(30d) $46.6M < $50M,25.100000381469727,,,,,,,,,,46624232.95526161,1857539.1333333333,,,False,False,https://www.tradingview.com/chart/?symbol=NASDAQ:SLM
SNDA,FAIL,$vol(30d) $18.6M < $50M,38.27000045776367,,,,,,,,,,18611809.77695707,486328.9666666667,,,False,False,https://www.tradingview.com/chart/?symbol=NASDAQ:SNDA
SNEX,FAIL,no weekly retest setup / geometry,67.0,,,,,,,,3.83,84.01,57715930.6,861431.8,261.0,,False,False,https://www.tradingview.com/chart/?symbol=NASDAQ:SNEX
SPB,FAIL,$vol(30d) $30.4M < $50M,86.16999816894531,,,,,,,,,,30383018.58971456,352593.93333333335,,,False,False,https://www.tradingview.com/chart/?symbol=NASDAQ:SPB
SPHR,FAIL,short float 23.37% >= 5%,145.19000244140625,,,,,,,,23.37,102.08,93510361.54140016,644055.1,261.0,,False,False,https://www.tradingview.com/chart/?symbol=NASDAQ:SPHR
STLD,FAIL,no weekly retest setup / geometry,235.25999450683597,,,,,,,,2.85,86.0,275535548.84242857,1171195.933333333,261.0,,False,False,https://www.tradingview.com/chart/?symbol=NASDAQ:STLD
SYRE,FAIL,short float 15.01% >= 5%,90.25,,,,,,,,15.01,100.8,104434986.59166668,1157174.3666666667,261.0,,False,False,https://www.tradingview.com/chart/?symbol=NASDAQ:SYRE
TENB,FAIL,short float 14.00% >= 5%,35.43000030517578,,,,,,,,14.0,107.81,170080881.49798915,4800476.433333334,261.0,,False,False,https://www.tradingview.com/chart/?symbol=NASDAQ:TENB
TFX,FAIL,short float 9.58% >= 5%,124.5199966430664,,,,,,,,9.58,113.53,83192951.19053522,668109.1666666666,261.0,,False,False,https://www.tradingview.com/chart/?symbol=NASDAQ:TFX
THRM,FAIL,$vol(30d) $10.8M < $50M,36.34999847412109,,,,,,,,,,10801209.391593171,297144.7,,,False,False,https://www.tradingview.com/chart/?symbol=NASDAQ:THRM
TILE,FAIL,$vol(30d) $19.1M < $50M,34.2599983215332,,,,,,,,,,19058352.858292643,556285.8666666667,,,False,False,https://www.tradingview.com/chart/?symbol=NASDAQ:TILE
TKR,FAIL,short float 6.62% >= 5%,117.13999938964844,,,,,,,,6.62,95.16,106391490.75365296,908242.2,261.0,,False,False,https://www.tradingview.com/chart/?symbol=NASDAQ:TKR
TNGX,FAIL,short float 34.34% >= 5%,21.75,,,,,,,,34.34,111.02,52193695.4,2399710.1333333333,261.0,,False,False,https://www.tradingview.com/chart/?symbol=NASDAQ:TNGX
TPC,FAIL,$vol(30d) $40.9M < $50M,85.0,,,,,,,,,,40911616.333333336,481313.13333333336,,,False,False,https://www.tradingview.com/chart/?symbol=NASDAQ:TPC
TRAX,FAIL,$vol(30d) $25.1M < $50M,38.59999847412109,,,,,,,,,,25129525.40661621,651024.0,,,False,False,https://www.tradingview.com/chart/?symbol=NASDAQ:TRAX
TREX,FAIL,short float 10.40% >= 5%,42.68999862670898,,,,,,,,10.4,109.27,63899647.87641754,1496829.4666666666,261.0,,False,False,https://www.tradingview.com/chart/?symbol=NASDAQ:TREX
TRMK,FAIL,$vol(30d) $15.9M < $50M,46.709999084472656,,,,,,,,,,15900384.189348605,340406.43333333335,,,False,False,https://www.tradingview.com/chart/?symbol=NASDAQ:TRMK
TRNO,FAIL,$vol(30d) $44.5M < $50M,65.75,,,,,,,,,,44520122.766666666,677112.1333333333,,,False,False,https://www.tradingview.com/chart/?symbol=NASDAQ:TRNO
TRNS,FAIL,$vol(30d) $9.5M < $50M,86.0,,,,,,,,,,9536723.466666669,110892.13333333332,,,False,False,https://www.tradingview.com/chart/?symbol=NASDAQ:TRNS
TROW,FAIL,short float 12.52% >= 5%,104.16000366210938,,,,,,,,12.52,92.13,146503437.35884094,1406522.9666666666,261.0,,False,False,https://www.tradingview.com/chart/?symbol=NASDAQ:TROW
TRS,FAIL,$vol(30d) $13.7M < $50M,38.08000183105469,,,,,,,,,,13727636.297418725,360494.63333333336,,,False,False,https://www.tradingview.com/chart/?symbol=NASDAQ:TRS
TXN,FAIL,no weekly retest setup / geometry,266.6400146484375,,,,,,,,2.35,92.06,1566550330.9257812,5875150.933333334,261.0,,False,False,https://www.tradingview.com/chart/?symbol=NASDAQ:TXN
UCB,FAIL,$vol(30d) $26.9M < $50M,34.689998626708984,,,,,,,,,,26924660.935452774,776150.5333333333,,,False,False,https://www.tradingview.com/chart/?symbol=NASDAQ:UCB
UCTT,FAIL,short float 8.86% >= 5%,70.63999938964844,,,,,,,,8.86,103.18,63796572.84877777,903122.5,261.0,,False,False,https://www.tradingview.com/chart/?symbol=NASDAQ:UCTT
UFPT,FAIL,$vol(30d) $33.8M < $50M,276.69000244140625,,,,,,,,,,33798975.01822917,122154.66666666669,,,False,False,https://www.tradingview.com/chart/?symbol=NASDAQ:UFPT
UNFI,FAIL,$vol(30d) $28.2M < $50M,46.81999969482422,,,,,,,,,,28188960.9149292,602070.9333333333,,,False,False,https://www.tradingview.com/chart/?symbol=NASDAQ:UNFI
URGN,FAIL,$vol(30d) $36.0M < $50M,43.25,,,,,,,,,,36013963.6,832692.8,,,False,False,https://www.tradingview.com/chart/?symbol=NASDAQ:URGN
USFD,FAIL,short float 5.48% >= 5%,93.41999816894533,,,,,,,,5.48,109.53,205731248.2376175,2202218.5,261.0,,False,False,https://www.tradingview.com/chart/?symbol=NASDAQ:USFD
UTL,FAIL,$vol(30d) $6.4M < $50M,51.91999816894531,,,,,,,,,,6432844.506467184,123899.16666666669,,,False,False,https://www.tradingview.com/chart/?symbol=NASDAQ:UTL
UVSP,FAIL,$vol(30d) $9.5M < $50M,42.47999954223633,,,,,,,,,,9474012.689908218,223022.9,,,False,False,https://www.tradingview.com/chart/?symbol=NASDAQ:UVSP
VAC,FAIL,short float 6.51% >= 5%,103.0199966430664,,,,,,,,6.51,90.63,53058021.43309046,515026.43333333335,261.0,,False,False,https://www.tradingview.com/chart/?symbol=NASDAQ:VAC
VCEL,FAIL,$vol(30d) $20.1M < $50M,40.02000045776367,,,,,,,,,,20061189.81146736,501279.1,,,False,False,https://www.tradingview.com/chart/?symbol=NASDAQ:VCEL
VIRT,FAIL,short float 6.40% >= 5%,57.75,,,,,,,,6.4,94.14,74625847.44999999,1292222.4666666666,261.0,,False,False,https://www.tradingview.com/chart/?symbol=NASDAQ:VIRT
VNO,FAIL,$vol(30d) $41.9M < $50M,34.900001525878906,,,,,,,,,,41853674.43323695,1199245.6333333333,,,False,False,https://www.tradingview.com/chart/?symbol=NASDAQ:VNO
VSH,FAIL,short float 11.09% >= 5%,32.5099983215332,,,,,,,,11.09,100.38,116856535.51578484,3594479.9,261.0,,False,False,https://www.tradingview.com/chart/?symbol=NASDAQ:VSH
VSTS,FAIL,$vol(30d) $22.1M < $50M,13.81999969482422,,,,,,,,,,22110736.363746643,1599908.6,,,False,False,https://www.tradingview.com/chart/?symbol=NASDAQ:VSTS
VSXY,FAIL,short float 13.26% >= 5%,77.93000030517578,,,,,,,,13.26,96.43,151713729.74878132,1946794.933333333,261.0,,False,False,https://www.tradingview.com/chart/?symbol=NASDAQ:VSXY
VVX,FAIL,$vol(30d) $46.7M < $50M,76.83999633789062,,,,,,,,,,46733975.63537699,608198.5666666667,,,False,False,https://www.tradingview.com/chart/?symbol=NASDAQ:VVX
WBI,FAIL,$vol(30d) $19.5M < $50M,30.86000061035156,,,,,,,,,,19535585.983709715,633039.0666666667,,,False,False,https://www.tradingview.com/chart/?symbol=NASDAQ:WBI
WDC,FAIL,short float 5.56% >= 5%,441.3599853515625,,,,,,,,5.56,92.52,3010181614.974121,6820241.333333333,261.0,,False,False,https://www.tradingview.com/chart/?symbol=NASDAQ:WDC
WKC,FAIL,$vol(30d) $37.0M < $50M,35.95000076293945,,,,,,,,,,36952836.81922188,1027895.3,,,False,False,https://www.tradingview.com/chart/?symbol=NASDAQ:WKC
WLY,FAIL,$vol(30d) $26.2M < $50M,48.09999847412109,,,,,,,,,,26204797.39870377,544798.3,,,False,False,https://www.tradingview.com/chart/?symbol=NASDAQ:WLY
WNC,FAIL,$vol(30d) $8.5M < $50M,11.859999656677246,,,,,,,,,,8454980.709245587,712898.9,,,False,False,https://www.tradingview.com/chart/?symbol=NASDAQ:WNC
WRLD,FAIL,$vol(30d) $12.6M < $50M,182.13999938964844,,,,,,,,,,12569056.36454773,69007.66666666667,,,False,False,https://www.tradingview.com/chart/?symbol=NASDAQ:WRLD
WSBC,FAIL,$vol(30d) $36.4M < $50M,39.369998931884766,,,,,,,,,,36380102.105667874,924056.4666666668,,,False,False,https://www.tradingview.com/chart/?symbol=NASDAQ:WSBC
WSFS,FAIL,$vol(30d) $27.7M < $50M,78.80000305175781,,,,,,,,,,27737645.72755381,352000.56666666665,,,False,False,https://www.tradingview.com/chart/?symbol=NASDAQ:WSFS
WWW,FAIL,$vol(30d) $15.1M < $50M,18.93000030517578,,,,,,,,,,15097665.913393658,797552.3333333334,,,False,False,https://www.tradingview.com/chart/?symbol=NASDAQ:WWW
XHR,FAIL,$vol(30d) $13.6M < $50M,17.719999313354492,,,,,,,,,,13556755.764012463,765053.9666666667,,,False,False,https://www.tradingview.com/chart/?symbol=NASDAQ:XHR
XPRO,FAIL,$vol(30d) $13.8M < $50M,16.459999084472656,,,,,,,,,,13778086.93897756,837064.8666666667,,,False,False,https://www.tradingview.com/chart/?symbol=NASDAQ:XPRO
