ticker,status,current_price,entry,sl,tp,rr,zone_lo,zone_hi,atr,short_float_pct,inst_own_pct,dollar_vol_30d,avg_vol_30d,weekly_bars,days_to_earnings,earnings_known,earnings_blackout,tradingview_url,reason
KLIC,PASS,83.13999938964844,74.00547873768456,66.57972971133123,122.53340814275705,6.535088814993767,71.08734893798828,76.92360853738083,14.851498052706672,4.08,93.46,60267742.144226074,724894.6666666666,261,61,True,False,https://www.tradingview.com/chart/?symbol=NASDAQ:KLIC,PASS entry=74.01 SL=66.58 TP=122.53 R:R=6.54 zone=[71.09-76.92] short=4.08% $vol=$60.3M
R,PASS,238.5399932861328,221.0664219265399,207.9939789667151,270.889957823935,3.8113408527018615,214.55182520032602,227.58101865275378,13.072442959824796,2.27,92.01,63401481.204856366,265789.73333333334,261,34,True,False,https://www.tradingview.com/chart/?symbol=NYSE:R,PASS entry=221.07 SL=207.99 TP=270.89 R:R=3.81 zone=[214.55-227.58] short=2.27% $vol=$63.4M
AMAT,PASS,444.57000732421875,383.28813698869277,314.96744308908114,634.7512355684455,3.680628580108467,371.5403134371029,395.03596054028264,73.0349799567458,1.98,86.96,3155062053.4201355,7096884.633333334,261,55,True,False,https://www.tradingview.com/chart/?symbol=NYSE:AMAT,PASS entry=383.29 SL=314.97 TP=634.75 R:R=3.68 zone=[371.54-395.04] short=1.98% $vol=$3155.1M
AXTA,PASS,32.20000076293945,30.614999771118164,28.399141720363072,38.189998626708984,3.418539762964288,30.0,31.229999542236328,2.215858050755092,4.46,106.87,54267064.85912476,1685312.5333333334,261,40,True,False,https://www.tradingview.com/chart/?symbol=NYSE:AXTA,PASS entry=30.61 SL=28.40 TP=38.19 R:R=3.42 zone=[30.00-31.23] short=4.46% $vol=$54.3M
KLAC,PASS,176.99000549316406,193.2526348638288,176.56481444417352,249.7477165178119,3.3854080540944675,193.03515625,193.47011347765763,29.45546981228481,2.25,94.14,1683596843.3160841,9512383.7,261,40,True,False,https://www.tradingview.com/chart/?symbol=NASDAQ:KLAC,PASS entry=193.25 SL=176.56 TP=249.75 R:R=3.39 zone=[193.04-193.47] short=2.25% $vol=$1683.6M
LSCC,PASS,110.95999908447266,102.85499954223633,86.69357245309013,156.0,3.2883853736812108,97.62999725341797,108.08000183105469,16.161427089146205,4.09,101.4,169288985.37120208,1525675.8,261,45,True,False,https://www.tradingview.com/chart/?symbol=NASDAQ:LSCC,PASS entry=102.85 SL=86.69 TP=156.00 R:R=3.29 zone=[97.63-108.08] short=4.09% $vol=$169.3M
USB,PASS,60.060001373291016,56.77411340905256,54.1187437398084,65.22000122070312,3.180682490078549,55.99081786742777,57.55740895067735,2.6553696692441613,1.61,84.08,401308040.3000359,6681785.4,261,27,True,False,https://www.tradingview.com/chart/?symbol=NYSE:USB,PASS entry=56.77 SL=54.12 TP=65.22 R:R=3.18 zone=[55.99-57.56] short=1.61% $vol=$401.3M
PRI,PASS,290.5899963378906,278.8912043129458,265.8511659177223,320.22467979774984,3.1697357194856446,273.4169251333792,284.36548349251234,13.040038395223458,3.66,95.88,53437204.66556702,183892.1,261,47,True,False,https://www.tradingview.com/chart/?symbol=NASDAQ:PRI,PASS entry=278.89 SL=265.85 TP=320.22 R:R=3.17 zone=[273.42-284.37] short=3.66% $vol=$53.4M
DAL,PASS,79.62000274658203,72.99562047022621,67.19531193957387,91.33999633789062,3.162655188206216,71.35404205322266,74.63719888722979,5.80030853065235,3.86,89.96,443950322.91856843,5575864.2,261,21,True,False,https://www.tradingview.com/chart/?symbol=NYSE:DAL,PASS entry=73.00 SL=67.20 TP=91.34 R:R=3.16 zone=[71.35-74.64] short=3.86% $vol=$444.0M
MTB,PASS,227.30999755859375,218.8728714798337,208.4555987798464,251.5864398646163,3.140319863645554,216.99322509765625,220.75251786201113,10.417272699987285,3.88,93.45,231105976.01682332,1016699.5666666667,261,28,True,False,https://www.tradingview.com/chart/?symbol=NYSE:MTB,PASS entry=218.87 SL=208.46 TP=251.59 R:R=3.14 zone=[216.99-220.75] short=3.88% $vol=$231.1M
BAX,PASS,22.799999237060547,21.130468648035826,19.50272984020418,26.149911880493164,3.083690828225608,21.04059410095215,21.220343195119504,2.143523032009102,4.53,109.61,130582611.95041098,5727307.733333333,261,41,True,False,https://www.tradingview.com/chart/?symbol=NYSE:BAX,PASS entry=21.13 SL=19.50 TP=26.15 R:R=3.08 zone=[21.04-21.22] short=4.53% $vol=$130.6M
LW,PASS,46.66999816894531,44.89685327220583,41.521226026351016,54.97999954223633,2.987043750879883,43.93259851657722,45.86110802783444,3.3756272458548167,4.63,95.34,60255223.939941406,1291091.2,261,18,True,False,https://www.tradingview.com/chart/?symbol=NASDAQ:LW,PASS entry=44.90 SL=41.52 TP=54.98 R:R=2.99 zone=[43.93-45.86] short=4.63% $vol=$60.3M
MOG-A,PASS,364.6400146484375,346.0195897868747,313.12934671676607,443.3500061035156,2.9592489209998254,338.42720451719134,353.611975056558,32.89024307010861,2.43,90.24,89066009.7593221,244257.36666666667,261,63,True,False,https://www.tradingview.com/chart/?symbol=NYSE:MOG.A,PASS entry=346.02 SL=313.13 TP=443.35 R:R=2.96 zone=[338.43-353.61] short=2.43% $vol=$89.1M
PNC,PASS,233.1699981689453,225.20949283677078,214.81887692434157,255.9499969482422,2.9584871936898125,221.99015862309793,228.42882705044366,10.390615912429203,1.76,86.02,353979680.0929087,1518118.4666666666,261,27,True,False,https://www.tradingview.com/chart/?symbol=NYSE:PNC,PASS entry=225.21 SL=214.82 TP=255.95 R:R=2.96 zone=[221.99-228.43] short=1.76% $vol=$354.0M
ESS,PASS,270.04998779296875,256.5715812214625,244.95135073273147,290.30999755859375,2.9034205792948575,251.80555868553853,261.3376037573865,11.620230488731051,3.73,104.57,125885116.0529663,466154.86666666664,261,39,True,False,https://www.tradingview.com/chart/?symbol=NYSE:ESS,PASS entry=256.57 SL=244.95 TP=290.31 R:R=2.90 zone=[251.81-261.34] short=3.73% $vol=$125.9M
UNH,PASS,376.8999938964844,362.594987271579,341.2083507030771,423.8600586972866,2.864642658020309,354.0719227699667,371.11805177319127,21.386636568501906,1.71,90.19,1743820966.31391,4626747.133333334,261,25,True,False,https://www.tradingview.com/chart/?symbol=NYSE:UNH,PASS entry=362.59 SL=341.21 TP=423.86 R:R=2.86 zone=[354.07-371.12] short=1.71% $vol=$1743.8M
NTRS,PASS,177.88999938964844,167.03276573484732,158.6312279791835,190.51141357421875,2.7945655333803083,162.4854278564453,171.5801036132493,8.401537755663824,2.08,87.0,181789010.1852707,1021918.1,261,33,True,False,https://www.tradingview.com/chart/?symbol=NASDAQ:NTRS,PASS entry=167.03 SL=158.63 TP=190.51 R:R=2.79 zone=[162.49-171.58] short=2.08% $vol=$181.8M
ASB,PASS,29.65999984741211,28.31776150362294,26.966926772140425,32.076515197753906,2.7825414956615813,28.081697463989258,28.553825543256618,1.3508347314825147,4.19,80.99,54874352.28636182,1850113.0333333334,261,34,True,False,https://www.tradingview.com/chart/?symbol=NYSE:ASB,PASS entry=28.32 SL=26.97 TP=32.08 R:R=2.78 zone=[28.08-28.55] short=4.19% $vol=$54.9M
VMI,PASS,474.6400146484375,479.8925678325828,446.52186764978705,572.2938300423056,2.7689338762319453,473.7874450683594,485.9976905968062,33.37070018279578,2.42,96.82,77250067.2267741,162755.06666666668,261,32,True,False,https://www.tradingview.com/chart/?symbol=NYSE:VMI,PASS entry=479.89 SL=446.52 TP=572.29 R:R=2.77 zone=[473.79-486.00] short=2.42% $vol=$77.3M
ZION,PASS,65.2300033569336,62.969952324516065,59.624261420840405,72.19999694824219,2.7587858201681943,62.067916205197996,63.871988443834134,3.345690903675662,3.82,84.45,89873048.46080601,1377786.9666666666,261,31,True,False,https://www.tradingview.com/chart/?symbol=NASDAQ:ZION,PASS entry=62.97 SL=59.62 TP=72.20 R:R=2.76 zone=[62.07-63.87] short=3.82% $vol=$89.9M
CFG,PASS,67.04000091552734,64.54359102507537,60.958727581269,74.4000015258789,2.749452149378974,63.14283330868187,65.94434874146887,3.5848634438063667,3.47,100.05,215396593.29354933,3212956.3,261,28,True,False,https://www.tradingview.com/chart/?symbol=NYSE:CFG,PASS entry=64.54 SL=60.96 TP=74.40 R:R=2.75 zone=[63.14-65.94] short=3.47% $vol=$215.4M
AIT,PASS,321.8399963378906,312.0337795169272,293.8168423953821,361.95001220703125,2.7401001802365683,307.9312744140625,316.13628461979187,18.21693712154515,2.03,97.3,96381380.79130858,299469.86666666664,261,39,True,False,https://www.tradingview.com/chart/?symbol=NYSE:AIT,PASS entry=312.03 SL=293.82 TP=361.95 R:R=2.74 zone=[307.93-316.14] short=2.03% $vol=$96.4M
WSM,PASS,224.1999969482422,202.51880806283796,185.48171030240442,249.05999755859375,2.7317557338810188,196.99224953391004,208.04536659176588,17.03709776043355,4.72,97.84,263552260.48592177,1175523.0333333334,261,61,True,False,https://www.tradingview.com/chart/?symbol=NASDAQ:WSM,PASS entry=202.52 SL=185.48 TP=249.06 R:R=2.73 zone=[196.99-208.05] short=4.72% $vol=$263.6M
FITB,PASS,52.90999984741211,50.521564406303035,47.74867270205541,58.08000183105469,2.7258321748279366,49.54846755859918,51.49466125400689,2.772891704247628,3.42,93.53,270138083.579945,5105614.9,261,31,True,False,https://www.tradingview.com/chart/?symbol=NASDAQ:FITB,PASS entry=50.52 SL=47.75 TP=58.08 R:R=2.73 zone=[49.55-51.49] short=3.42% $vol=$270.1M
SPG,PASS,205.32000732421875,202.38852344158445,193.1548187100364,227.22118897433506,2.689350185511875,200.94502316057836,203.83202372259055,9.463842344960726,2.97,96.69,260719917.09245604,1269822.2666666666,261,45,True,False,https://www.tradingview.com/chart/?symbol=NYSE:SPG,PASS entry=202.39 SL=193.15 TP=227.22 R:R=2.69 zone=[200.95-203.83] short=2.97% $vol=$260.7M
CSX,PASS,47.099998474121094,45.714331789825486,43.428523639719934,51.858033041478826,2.6877589229741967,45.14762496948242,46.28103861016855,2.2858081501055523,2.22,82.08,453630624.71391886,9631223.766666668,261,34,True,False,https://www.tradingview.com/chart/?symbol=NASDAQ:CSX,PASS entry=45.71 SL=43.43 TP=51.86 R:R=2.69 zone=[45.15-46.28] short=2.22% $vol=$453.6M
AJG,PASS,239.47999572753906,222.46314692775155,205.6993523559567,266.8470153808594,2.6476027407174185,220.2762980124795,224.6499958430236,16.763794571794847,2.66,94.44,318270111.72187805,1329005.0,261,41,True,False,https://www.tradingview.com/chart/?symbol=NASDAQ:AJG,PASS entry=222.46 SL=205.70 TP=266.85 R:R=2.65 zone=[220.28-224.65] short=2.66% $vol=$318.3M
CTVA,PASS,80.52999877929688,74.4009572101319,68.98564742580491,88.59116713504693,2.620387473674059,73.59849548339844,75.20341893686539,5.415309784326995,2.69,91.11,374844995.8836294,4654724.966666667,261,46,True,False,https://www.tradingview.com/chart/?symbol=NASDAQ:CTVA,PASS entry=74.40 SL=68.99 TP=88.59 R:R=2.62 zone=[73.60-75.20] short=2.69% $vol=$374.8M
DASH,PASS,192.94000244140625,186.40499877929688,167.09064156668526,236.74000549316406,2.6060927712883015,181.63999938964844,191.1699981689453,19.314357212611608,4.82,82.54,781278293.1807332,4049332.8666666667,261,47,True,False,https://www.tradingview.com/chart/?symbol=NASDAQ:DASH,PASS entry=186.40 SL=167.09 TP=236.74 R:R=2.61 zone=[181.64-191.17] short=4.82% $vol=$781.3M
LFUS,PASS,407.8800048828125,373.6457114693251,341.15074995958867,457.3763481341572,2.5767267531535323,368.66883537758497,378.62258756106513,41.23678683512568,4.9,101.58,85761012.9786621,210260.4,261,40,True,False,https://www.tradingview.com/chart/?symbol=NASDAQ:LFUS,PASS entry=373.65 SL=341.15 TP=457.38 R:R=2.58 zone=[368.67-378.62] short=4.90% $vol=$85.8M
UNP,PASS,279.3699951171875,270.29484786733053,255.76663714511815,307.0749771113229,2.5316351715465353,263.62064610339394,276.9690496312671,14.528210722212378,4.68,92.23,650925579.3021607,2329976.7,261,34,True,False,https://www.tradingview.com/chart/?symbol=NYSE:UNP,PASS entry=270.29 SL=255.77 TP=307.07 R:R=2.53 zone=[263.62-276.97] short=4.68% $vol=$650.9M
SSB,PASS,103.44000244140625,99.23878950522743,94.54835469204748,111.0999984741211,2.528807976515121,98.71031951904297,99.76725949141188,4.690434813179953,3.01,89.37,72882660.29618733,704588.7333333333,261,33,True,False,https://www.tradingview.com/chart/?symbol=NASDAQ:SSB,PASS entry=99.24 SL=94.55 TP=111.10 R:R=2.53 zone=[98.71-99.77] short=3.01% $vol=$72.9M
WTS,PASS,350.6600036621094,335.05542923749033,312.6850005080619,391.55438232421875,2.5256088638302963,326.77972412109375,343.3311343538869,22.370428729428472,2.92,82.46,68268231.12429097,194684.96666666667,261,40,True,False,https://www.tradingview.com/chart/?symbol=NYSE:WTS,PASS entry=335.06 SL=312.69 TP=391.55 R:R=2.53 zone=[326.78-343.33] short=2.92% $vol=$68.3M
JBL,PASS,299.57000732421875,274.35874521655103,239.07434919583415,363.1000061035156,2.515028479865747,267.47179148746096,281.2456989456411,37.414830413478136,2.92,100.19,307906731.0723775,1027828.9666666667,261,12,True,True,https://www.tradingview.com/chart/?symbol=NASDAQ:JBL,PASS entry=274.36 SL=239.07 TP=363.10 R:R=2.52 zone=[267.47-281.25] short=2.92% $vol=$307.9M | earnings blackout (<14d)
EWBC,PASS,126.91999816894531,121.68389643138678,115.85889800572112,136.1300048828125,2.480019288550253,121.08641478104101,122.28137808173254,5.824998425665671,3.03,93.56,95745942.06402181,754380.2666666667,261,32,True,False,https://www.tradingview.com/chart/?symbol=NASDAQ:EWBC,PASS entry=121.68 SL=115.86 TP=136.13 R:R=2.48 zone=[121.09-122.28] short=3.03% $vol=$95.7M
C,PASS,131.77000427246094,122.47005697732405,114.42375961630452,142.33631896972656,2.4689942592284844,120.9995244940137,123.9405894606344,8.046297361019525,1.57,82.71,1163248836.5727417,8827872.8,261,25,True,False,https://www.tradingview.com/chart/?symbol=NASDAQ:C,PASS entry=122.47 SL=114.42 TP=142.34 R:R=2.47 zone=[121.00-123.94] short=1.57% $vol=$1163.2M
CHE,PASS,504.05999755859375,477.1545021663086,446.63910936603844,551.1051283031597,2.4233876529420417,474.8237160779636,479.48528825465365,30.515392800270174,4.41,105.8,75936823.45420125,150650.36666666667,261,39,True,False,https://www.tradingview.com/chart/?symbol=NYSE:CHE,PASS entry=477.15 SL=446.64 TP=551.11 R:R=2.42 zone=[474.82-479.49] short=4.41% $vol=$75.9M
IRM,PASS,114.33999633789062,110.01705173878977,101.16455584212318,131.4188690185547,2.417602620727987,107.37757767897389,112.65652579860567,8.852495896666598,2.19,88.91,177123074.51239216,1549091.1333333333,261,47,True,False,https://www.tradingview.com/chart/?symbol=NYSE:IRM,PASS entry=110.02 SL=101.16 TP=131.42 R:R=2.42 zone=[107.38-112.66] short=2.19% $vol=$177.1M
BMY,PASS,63.060001373291016,58.835844116209714,55.452126737365035,67.01000213623047,2.4157330843073255,57.570133209228516,60.10155502319091,3.3837173788446813,2.16,85.17,577596014.210614,9159467.2,261,41,True,False,https://www.tradingview.com/chart/?symbol=NYSE:BMY,PASS entry=58.84 SL=55.45 TP=67.01 R:R=2.42 zone=[57.57-60.10] short=2.16% $vol=$577.6M
DDOG,PASS,229.9199981689453,197.3000030517578,165.8212160382952,272.19000244140625,2.379062425677967,192.91000366210938,201.69000244140625,31.47878701346261,3.1,86.23,952950067.8508224,4144702.8333333335,261,48,True,False,https://www.tradingview.com/chart/?symbol=NASDAQ:DDOG,PASS entry=197.30 SL=165.82 TP=272.19 R:R=2.38 zone=[192.91-201.69] short=3.10% $vol=$953.0M
FWONK,PASS,94.54000091552734,92.40749740600586,86.57142584664481,105.63999938964844,2.2673645874711177,91.58999633789062,93.2249984741211,5.8360715593610495,3.78,89.9,182451714.12953287,1929889.0666666667,261,48,True,False,https://www.tradingview.com/chart/?symbol=NYSE:FWONK,PASS entry=92.41 SL=86.57 TP=105.64 R:R=2.27 zone=[91.59-93.22] short=3.78% $vol=$182.5M
AMGN,PASS,385.6499938964844,384.4777897129984,359.56677834742305,440.30999755859375,2.2412662025737804,382.8546004001387,386.10097902585807,24.911011365575327,2.41,85.57,1046356001.6997763,2713227.066666667,261,46,True,False,https://www.tradingview.com/chart/?symbol=NASDAQ:AMGN,PASS entry=384.48 SL=359.57 TP=440.31 R:R=2.24 zone=[382.85-386.10] short=2.41% $vol=$1046.4M
KEX,PASS,138.35000610351562,130.43999481201172,122.3035659790039,148.64999389648438,2.2380825123914865,128.6999969482422,132.17999267578125,8.136428833007812,3.36,102.92,55754236.19468078,402994.1,261,41,True,False,https://www.tradingview.com/chart/?symbol=NASDAQ:KEX,PASS entry=130.44 SL=122.30 TP=148.65 R:R=2.24 zone=[128.70-132.18] short=3.36% $vol=$55.8M
MUSA,PASS,526.0900268554688,514.2977688885397,465.92563015887777,622.5089585338304,2.2370561336982027,509.74995054804947,518.84558722903,48.372138729661984,4.73,83.88,149225962.20758057,283651.0,261,40,True,False,https://www.tradingview.com/chart/?symbol=NYSE:MUSA,PASS entry=514.30 SL=465.93 TP=622.51 R:R=2.24 zone=[509.75-518.85] short=4.73% $vol=$149.2M
ST,PASS,41.95000076293945,38.3562192270269,34.823767987822535,46.16984558105469,2.211955898303554,37.829020650805155,38.88341780324864,3.53245123920436,4.35,107.18,56846343.955524065,1355097.5666666667,261,39,True,False,https://www.tradingview.com/chart/?symbol=NYSE:ST,PASS entry=38.36 SL=34.82 TP=46.17 R:R=2.21 zone=[37.83-38.88] short=4.35% $vol=$56.8M
PGR,PASS,213.47999572753906,203.08481233381153,189.98314847748094,232.0,2.2069859205109243,199.4214324951172,206.74819217250587,13.101663856330594,1.04,90.36,490055263.7243271,2295555.9,261,26,True,False,https://www.tradingview.com/chart/?symbol=NASDAQ:PGR,PASS entry=203.08 SL=189.98 TP=232.00 R:R=2.21 zone=[199.42-206.75] short=1.04% $vol=$490.1M
CCK,PASS,109.19999694824219,107.28955174154854,101.21757371462165,120.69000244140625,2.206933332174766,106.27105712890625,108.30804635419082,6.071978026926883,2.5,100.32,90899981.1796636,832417.4333333333,261,31,True,False,https://www.tradingview.com/chart/?symbol=NYSE:CCK,PASS entry=107.29 SL=101.22 TP=120.69 R:R=2.21 zone=[106.27-108.31] short=2.50% $vol=$90.9M
PKG,PASS,232.77000427246094,224.97588523686574,211.81218044536,253.8371124267578,2.1924851435832604,221.67916870117188,228.27260177255957,13.163704791505733,3.1,98.84,129384578.39583589,555847.3,261,33,True,False,https://www.tradingview.com/chart/?symbol=NYSE:PKG,PASS entry=224.98 SL=211.81 TP=253.84 R:R=2.19 zone=[221.68-228.27] short=3.10% $vol=$129.4M
LRCX,PASS,288.1099853515625,242.20400191019104,198.30029660994796,337.8699951171875,2.1789958854900293,233.01649475097656,251.3915090694055,45.34844316755022,2.22,89.12,2413136508.7407184,8375747.566666666,261,33,True,False,https://www.tradingview.com/chart/?symbol=NASDAQ:LRCX,PASS entry=242.20 SL=198.30 TP=337.87 R:R=2.18 zone=[233.02-251.39] short=2.22% $vol=$2413.1M
URI,PASS,1013.9099731445312,984.0309658696531,902.0811221612383,1160.8367919921875,2.1574882650371636,970.7264404296875,997.3354913096188,81.94984370841469,2.31,95.9,432647248.2874573,426711.7,261,33,True,False,https://www.tradingview.com/chart/?symbol=NYSE:URI,PASS entry=984.03 SL=902.08 TP=1160.84 R:R=2.16 zone=[970.73-997.34] short=2.31% $vol=$432.6M
EQIX,PASS,1021.3400268554688,959.905376320582,893.9884686593831,1100.5514592493814,2.133687515374583,941.8261108398438,977.9846418013202,65.91690766119898,1.67,101.46,543355243.3691711,532002.3,261,40,True,False,https://www.tradingview.com/chart/?symbol=NASDAQ:EQIX,PASS entry=959.91 SL=893.99 TP=1100.55 R:R=2.13 zone=[941.83-977.98] short=1.67% $vol=$543.4M
EXPE,PASS,279.3500061035156,271.4066886165385,244.03522878842918,329.44000244140625,2.1202125933111575,264.0479446642757,278.76543256880126,27.3714598281093,4.57,104.0,465718930.6871552,1667152.0333333334,261,48,True,False,https://www.tradingview.com/chart/?symbol=NASDAQ:EXPE,PASS entry=271.41 SL=244.04 TP=329.44 R:R=2.12 zone=[264.05-278.77] short=4.57% $vol=$465.7M
OMF,PASS,60.810001373291016,57.871886322447345,54.3411461762877,65.3499984741211,2.1180012807817725,57.38434982299805,58.35942282189664,3.5307401461596437,3.44,95.06,53348150.02177773,877292.3666666667,261,42,True,False,https://www.tradingview.com/chart/?symbol=NYSE:OMF,PASS entry=57.87 SL=54.34 TP=65.35 R:R=2.12 zone=[57.38-58.36] short=3.44% $vol=$53.3M
UMBF,PASS,134.52000427246094,133.79001400749908,125.61490042275585,150.96359887509735,2.100715138643259,132.90444946289062,134.67557855210754,8.175113584743224,4.7,96.85,73934189.72820792,549614.8333333334,261,39,True,False,https://www.tradingview.com/chart/?symbol=NYSE:UMBF,PASS entry=133.79 SL=125.61 TP=150.96 R:R=2.10 zone=[132.90-134.68] short=4.70% $vol=$73.9M
WAB,PASS,280.2300109863281,269.49367699921714,253.78749139267032,302.4877564025922,2.100706067654141,265.113525390625,273.8738286078093,15.706185606546828,1.98,96.04,238326498.1865143,850467.4333333333,261,33,True,False,https://www.tradingview.com/chart/?symbol=NYSE:WAB,PASS entry=269.49 SL=253.79 TP=302.49 R:R=2.10 zone=[265.11-273.87] short=1.98% $vol=$238.3M
EMR,PASS,149.9199981689453,144.31536166119213,135.13188576450486,163.1699981689453,2.0531045891408684,140.26551818847656,148.3652051339077,9.18347589668726,1.58,85.14,339996172.7914414,2267850.7,261,47,True,False,https://www.tradingview.com/chart/?symbol=NYSE:EMR,PASS entry=144.32 SL=135.13 TP=163.17 R:R=2.05 zone=[140.27-148.37] short=1.58% $vol=$340.0M
RJF,PASS,164.75,157.74769268753965,148.58389106721907,176.55999755859375,2.0528930732566395,154.98752791933896,160.50785745574032,9.163801620320584,4.55,80.9,192291570.52499998,1167171.9,261,40,True,False,https://www.tradingview.com/chart/?symbol=NYSE:RJF,PASS entry=157.75 SL=148.58 TP=176.56 R:R=2.05 zone=[154.99-160.51] short=4.55% $vol=$192.3M
BALL,FAIL,60.150001525878906,58.60450282230674,55.49707602666502,64.6938705444336,1.9596174335200462,57.9757194519043,59.23328619270918,3.107426795641723,2.96,95.88,107150713.47318801,1781391.7,261,46,True,False,https://www.tradingview.com/chart/?symbol=NASDAQ:BALL,R:R 1.96 < 2.0
FR,FAIL,61.79999923706055,63.61904028840003,60.87983479940056,68.86000061035156,1.91331404051248,63.11802565296192,64.12005492383814,2.739205488999466,3.14,100.75,51056174.42969627,826151.7,261,33,True,False,https://www.tradingview.com/chart/?symbol=NASDAQ:FR,R:R 1.91 < 2.0
WELL,FAIL,228.8699951171875,217.1544834804574,204.81457229116862,239.85000610351562,1.8391965934696721,213.46267733086816,220.84628963004664,12.33991118928879,2.56,101.7,613544917.7903646,2680757.3333333335,261,38,True,False,https://www.tradingview.com/chart/?symbol=NASDAQ:WELL,R:R 1.84 < 2.0
COLB,FAIL,29.93000030517578,29.512243271456025,27.91641889918419,32.295886450353585,1.7443292803798522,29.30736541748047,29.717121125431582,1.595824372271834,3.8,96.49,89075403.20257442,2976124.3666666667,261,41,True,False,https://www.tradingview.com/chart/?symbol=NASDAQ:COLB,R:R 1.74 < 2.0
PH,FAIL,943.5399780273438,984.3724338900104,927.6657483560406,1082.6694406412896,1.7334288863064484,966.9724731445312,1001.7723946354896,56.70668553396983,1.05,91.18,576333655.502649,610820.6,261,48,True,False,https://www.tradingview.com/chart/?symbol=NASDAQ:PH,R:R 1.73 < 2.0
FIX,FAIL,1651.3699951171875,1479.3846430492208,1285.1037462504144,1796.0,1.629678275979238,1460.9111126847101,1497.8581734137317,194.28089679880648,2.62,95.63,599690004.5711548,363146.9666666667,261,34,True,False,https://www.tradingview.com/chart/?symbol=NASDAQ:FIX,R:R 1.63 < 2.0
SCHW,FAIL,105.25,105.1277942970386,100.24905540003078,112.88999938964844,1.5910269552179703,103.81084724169803,106.44474135237918,4.878738897007816,1.31,85.6,800610911.125,7606754.5,261,27,True,False,https://www.tradingview.com/chart/?symbol=NYSE:SCHW,R:R 1.59 < 2.0
AMG,FAIL,355.79998779296875,333.33338449910514,310.4116201559138,369.69000244140625,1.586117778629918,331.9185245398836,334.7482444583266,22.921764343191317,3.51,98.56,97678541.54877727,274532.1666666667,261,45,True,False,https://www.tradingview.com/chart/?symbol=NASDAQ:AMG,R:R 1.59 < 2.0
DOC,FAIL,20.329999923706055,20.39934204745589,19.387697444037386,21.99988575160719,1.5821205379268752,20.270204544067383,20.52847955084439,1.0116446034185027,3.52,99.23,90922124.98178957,4472313.1,261,34,True,False,https://www.tradingview.com/chart/?symbol=NASDAQ:DOC,R:R 1.58 < 2.0
WCC,FAIL,344.1499938964844,315.91894239723104,285.63246869456464,363.2113037109375,1.5615010772793558,313.704717545031,318.1331672494311,30.286473702666417,2.97,97.62,169518432.8319163,492571.36666666664,261,41,True,False,https://www.tradingview.com/chart/?symbol=NASDAQ:WCC,R:R 1.56 < 2.0
UNF,FAIL,261.6199951171875,273.8012339922178,260.2902359167007,294.6085801939004,1.5400302838756936,267.47462545713506,280.1278425273006,13.51099807551714,4.44,85.31,73249273.18222657,279983.4666666667,261,33,True,False,https://www.tradingview.com/chart/?symbol=NASDAQ:UNF,R:R 1.54 < 2.0
IVZ,FAIL,30.530000686645508,29.512606901031955,27.290906018958854,32.86000061035156,1.506680641093371,29.403338081691807,29.621875720372103,2.2217008820731023,2.82,98.36,116413640.31824112,3813090.0,261,39,True,False,https://www.tradingview.com/chart/?symbol=NASDAQ:IVZ,R:R 1.51 < 2.0
JLL,FAIL,336.3800048828125,352.5500030517578,329.0892900739397,387.3699951171875,1.4841830296611906,345.82000732421875,359.2799987792969,23.46071297781808,1.62,95.22,105644580.74951172,314063.2,261,47,True,False,https://www.tradingview.com/chart/?symbol=NASDAQ:JLL,R:R 1.48 < 2.0
SWK,FAIL,89.58000183105469,92.72304571529025,86.3680470995158,101.59583230881782,1.3961901693421985,91.10710906982422,94.33898236075628,6.354998615774447,4.65,100.15,149384488.93748474,1667609.8,261,46,True,False,https://www.tradingview.com/chart/?symbol=NASDAQ:SWK,R:R 1.40 < 2.0
ATI,FAIL,191.6300048828125,203.8949966430664,183.99499838692802,231.25999450683594,1.3751256412963995,202.47999572753906,205.30999755859375,19.899998256138392,2.75,94.57,350972838.74526775,1831512.9666666666,261,39,True,False,https://www.tradingview.com/chart/?symbol=NYSE:ATI,R:R 1.38 < 2.0
ITW,FAIL,269.4200134277344,271.00881056314995,259.0058233581439,286.95001220703125,1.3281028606972745,268.8916320800781,273.12598904622183,12.002987205006017,3.09,87.86,288807423.70999146,1071959.8,261,35,True,False,https://www.tradingview.com/chart/?symbol=NASDAQ:ITW,R:R 1.33 < 2.0
ARMK,FAIL,56.45000076293945,58.28915753782451,55.3439529259652,62.02672964400471,1.269036484300719,58.014703366111476,58.56361170953755,2.9452046118593134,3.38,100.04,147713078.27638856,2616706.4,261,67,True,False,https://www.tradingview.com/chart/?symbol=NASDAQ:ARMK,R:R 1.27 < 2.0
CGNX,FAIL,61.560001373291016,59.084757293963065,52.87961866903735,66.7962417602539,1.2427578064596676,58.542057037353516,59.627457550572615,6.205138624925717,4.59,107.43,114893916.23507309,1866372.8666666667,261,40,True,False,https://www.tradingview.com/chart/?symbol=NASDAQ:CGNX,R:R 1.24 < 2.0
OHI,FAIL,46.65999984741211,47.962064604660526,45.660594143046275,50.818179029656065,1.2409954733862893,47.25666809082031,48.667461118500746,2.3014704616142505,4.31,82.61,89185230.0296791,1911385.1333333333,261,46,True,False,https://www.tradingview.com/chart/?symbol=NASDAQ:OHI,R:R 1.24 < 2.0
IEX,FAIL,223.72000122070312,217.89806122922303,207.5521342262598,230.4499969482422,1.2132248483315302,213.4683837890625,222.32773866938356,10.345927002963233,2.57,105.1,121100442.05277099,541303.6,261,40,True,False,https://www.tradingview.com/chart/?symbol=NASDAQ:IEX,R:R 1.21 < 2.0
EOG,FAIL,144.22999572753906,142.40316821546645,133.39353653612926,153.0500030517578,1.1817169907965224,140.17967224121094,144.62666418972194,9.00963167933719,2.82,98.34,446508105.3839559,3095806.1333333333,261,48,True,False,https://www.tradingview.com/chart/?symbol=NASDAQ:EOG,R:R 1.18 < 2.0
APH,FAIL,77.55000305175781,76.99883555711553,70.49406937843594,84.58999633789062,1.1670151658419854,76.3847598435717,77.61291127065935,7.456110298486797,1.11,97.78,896784859.2803946,11563956.466666667,261,40,True,False,https://www.tradingview.com/chart/?symbol=NASDAQ:APH,R:R 1.17 < 2.0
AME,FAIL,237.63999938964844,241.34328551946555,229.5123239809707,254.88855028326458,1.144899737838407,238.33266762508998,244.35390341384115,11.830961538494845,1.13,92.82,322730827.17510223,1358066.1,261,41,True,False,https://www.tradingview.com/chart/?symbol=NASDAQ:AME,R:R 1.14 < 2.0
LNG,FAIL,268.3399963378906,272.7177764449551,255.8716582223007,292.0,1.1446092981298464,269.13555908203125,276.29999380787893,16.846118222654397,2.03,90.82,506080216.86938477,1885966.4,261,41,True,False,https://www.tradingview.com/chart/?symbol=NASDAQ:LNG,R:R 1.14 < 2.0
ALSN,FAIL,117.0999984741211,122.59403513053502,113.13824641917113,133.13999938964844,1.1152918684021946,119.57083892822266,125.61723133284738,9.455788711363889,3.39,103.87,90500866.53405608,772851.1333333333,261,41,True,False,https://www.tradingview.com/chart/?symbol=NASDAQ:ALSN,R:R 1.12 < 2.0
ROST,FAIL,226.61000061035156,241.0042053066337,227.66251100323856,255.75570326720648,1.1056690121298067,239.6667938232422,242.3416167900252,13.341694303395142,2.74,96.37,577964923.9720246,2550482.8666666667,261,62,True,False,https://www.tradingview.com/chart/?symbol=NASDAQ:ROST,R:R 1.11 < 2.0
AMP,FAIL,544.3300170898438,541.30019014957,515.4826907323503,569.5399780273438,1.0938235117742854,537.7399291992188,544.8604510999212,25.81749941721961,3.16,91.69,254073964.55060017,466764.56666666665,261,41,True,False,https://www.tradingview.com/chart/?symbol=NASDAQ:AMP,R:R 1.09 < 2.0 (known)
CUBE,FAIL,39.54999923706055,40.310538623127506,38.68550858964417,42.06999969482422,1.0827252638064901,40.05893545550851,40.5621417907465,1.625030033483333,3.36,104.08,84778528.03957939,2143578.5,261,41,True,False,https://www.tradingview.com/chart/?symbol=NASDAQ:CUBE,R:R 1.08 < 2.0
FAST,FAIL,49.0099983215332,48.889773818903976,46.246129771460836,51.70000076293945,1.06301260442133,48.6424560546875,49.13709158312045,2.643644047443137,3.02,88.47,317445631.76796764,6477160.633333334,261,26,True,False,https://www.tradingview.com/chart/?symbol=NASDAQ:FAST,R:R 1.06 < 2.0
GM,FAIL,82.19999694824219,83.85159440695004,78.64520480523154,89.32527918769703,1.051339834218374,82.46945050193466,85.23373831196542,5.206389601718497,2.48,90.28,500948224.64179176,6094260.866666666,261,32,True,False,https://www.tradingview.com/chart/?symbol=NASDAQ:GM,R:R 1.05 < 2.0
EW,FAIL,88.26000213623047,86.49499893188477,81.05857140677315,91.5999984741211,0.9390357028867999,85.66999816894531,87.31999969482422,5.436427525111607,1.58,94.44,267263910.5908114,3028143.033333333,261,41,True,False,https://www.tradingview.com/chart/?symbol=NASDAQ:EW,R:R 0.94 < 2.0
ZBH,FAIL,95.36000061035156,96.03979833375257,90.12319653628721,101.31999969482422,0.8924381835758586,94.52881622314453,97.5507804443606,5.916601797465364,4.62,106.67,184221681.26444396,1931854.8666666667,261,48,True,False,https://www.tradingview.com/chart/?symbol=NASDAQ:ZBH,R:R 0.89 < 2.0
APD,FAIL,284.17999267578125,300.84115819310637,285.34192724268064,314.29998779296875,0.8683546714614703,295.6235713390098,306.0587450472029,15.499230950425751,1.82,93.63,285740548.1602275,1005491.4333333333,261,48,True,False,https://www.tradingview.com/chart/?symbol=NASDAQ:APD,R:R 0.87 < 2.0
FDX,FAIL,303.6499938964844,318.939954192108,302.2554966319819,333.3314514160156,0.862569080957212,314.7977600097656,323.0821483744504,16.684457560126134,2.13,82.78,462759351.76497394,1523989.3333333333,261,24,True,False,https://www.tradingview.com/chart/?symbol=NASDAQ:FDX,R:R 0.86 < 2.0
MTG,FAIL,29.690000534057617,28.799446590697745,27.541666562412594,29.874998092651367,0.8551189220423724,28.398972945414464,29.199920235981025,1.25778002828515,3.98,100.72,53686624.79303729,1808239.2666666666,261,40,True,False,https://www.tradingview.com/chart/?symbol=NASDAQ:MTG,R:R 0.86 < 2.0
VTR,FAIL,86.69000244140625,88.84461572220286,83.35180490236826,93.44999694824219,0.8384379832287766,87.15948690926355,90.52974453514216,5.492810819834604,3.99,104.67,281389046.78761595,3245922.7,261,40,True,False,https://www.tradingview.com/chart/?symbol=NASDAQ:VTR,R:R 0.84 < 2.0
CNC,FAIL,65.11000061035156,63.775001525878906,58.529287338256836,67.9000015258789,0.7863562238547922,63.400001525878906,64.1500015258789,5.24571418762207,2.77,99.89,264755248.0341914,4066276.2333333334,261,39,True,False,https://www.tradingview.com/chart/?symbol=NASDAQ:CNC,R:R 0.79 < 2.0
STT,FAIL,182.8699951171875,187.50499725341797,178.04348851030426,194.25999450683594,0.713945041622923,182.5,192.50999450683594,9.461508743113706,1.71,94.64,278757127.2899048,1524345.9,261,26,True,False,https://www.tradingview.com/chart/?symbol=NASDAQ:STT,R:R 0.71 < 2.0
BNY,FAIL,153.7899932861328,159.81390330904566,152.6548568842541,164.83999633789062,0.7020618013370824,156.50706481933594,163.1207417987554,7.159046424791571,1.49,87.73,453648553.3914856,2949792.4,261,27,True,False,https://www.tradingview.com/chart/?symbol=NASDAQ:BNY,R:R 0.70 < 2.0
FTI,FAIL,72.0199966430664,76.68466373354933,71.14631310756168,80.30999755859375,0.6545872715304876,75.69096374511719,77.67836372198147,5.538350625987642,3.29,99.59,217657561.50140128,3022182.3333333335,261,41,True,False,https://www.tradingview.com/chart/?symbol=NASDAQ:FTI,R:R 0.65 < 2.0
SKY,FAIL,84.58999633789062,89.68000030517578,82.25142724173409,94.52999877929688,0.6528842662919262,88.81999969482422,90.54000091552734,7.428573063441685,4.96,111.18,51033204.00364684,603300.7,261,39,True,False,https://www.tradingview.com/chart/?symbol=NASDAQ:SKY,R:R 0.65 < 2.0
MA,FAIL,565.239990234375,580.1914457164694,556.7210257092634,593.5399780273438,0.5687385358581574,573.591064453125,586.7918269798138,23.47042000720598,0.94,83.81,1520936649.3361816,2690780.3333333335,261,41,True,False,https://www.tradingview.com/chart/?symbol=NASDAQ:MA,R:R 0.57 < 2.0
OVV,FAIL,62.369998931884766,63.57683986295442,59.352394322805516,65.9757722113199,0.56786916189738,62.84023666381836,64.31344306209049,4.224445540148905,4.1,93.59,215625543.6753123,3457199.7333333334,261,47,True,False,https://www.tradingview.com/chart/?symbol=NASDAQ:OVV,R:R 0.57 < 2.0
BWA,FAIL,63.31999969482422,65.91190484336309,60.816485134529685,68.75734005811681,0.5584299973996024,62.30083465576172,69.52297503096447,5.095419708833407,4.29,106.9,125879412.21731414,1987988.2,261,41,True,False,https://www.tradingview.com/chart/?symbol=NASDAQ:BWA,R:R 0.56 < 2.0
VRTX,FAIL,508.3399963378906,530.1699829101562,495.82212611607144,548.97998046875,0.5476323507274289,526.6699829101562,533.6699829101562,34.34785679408482,1.84,98.17,554681422.6413777,1091162.2666666666,261,45,True,False,https://www.tradingview.com/chart/?symbol=NASDAQ:VRTX,R:R 0.55 < 2.0
WMB,FAIL,72.05000305175781,74.91207978342933,70.35905272470009,77.35823059082031,0.5372581308738594,74.60875105834586,75.21540850851281,4.553027058729248,2.15,92.18,533056471.77819824,7398424.0,261,45,True,False,https://www.tradingview.com/chart/?symbol=NASDAQ:WMB,R:R 0.54 < 2.0
VLTO,FAIL,94.48999786376953,91.73177619478909,86.83438839459028,94.16999816894531,0.497861732341727,90.84608459472656,92.61746779485162,4.8973878001988185,2.33,100.92,141454651.27132568,1497033.0666666667,155,33,True,False,https://www.tradingview.com/chart/?symbol=NASDAQ:VLTO,R:R 0.50 < 2.0
TTC,FAIL,93.48999786376953,97.45500183105469,92.29330968342545,100.0,0.4930550091241354,96.83000183105469,98.08000183105469,5.161692147629233,3.98,96.33,80131467.60834299,857112.7333333333,261,90,True,False,https://www.tradingview.com/chart/?symbol=NASDAQ:TTC,R:R 0.49 < 2.0
MDLZ,FAIL,60.849998474121094,63.14074272809178,59.73726181311667,64.7300033569336,0.4669515324293907,62.46639633178711,63.815089124396444,3.4034809149751126,2.53,89.63,440843466.5937111,7244757.233333333,261,39,True,False,https://www.tradingview.com/chart/?symbol=NASDAQ:MDLZ,R:R 0.47 < 2.0
DLR,FAIL,182.1199951171875,193.68688394757294,180.57842686040104,198.7869110107422,0.3890638714574731,191.68560791015625,195.6881599849896,13.10845708717189,2.28,104.88,375538562.9647827,2062039.1666666667,261,34,True,False,https://www.tradingview.com/chart/?symbol=NASDAQ:DLR,R:R 0.39 < 2.0
CAH,FAIL,225.3800048828125,231.75250349698143,217.7268146395669,236.32000732421875,0.3256527271972637,230.97607347295056,232.52893352101233,14.025688857414531,2.89,91.7,391087002.3168213,1735233.8,261,48,True,False,https://www.tradingview.com/chart/?symbol=NASDAQ:CAH,R:R 0.33 < 2.0
PM,FAIL,188.6199951171875,189.66754861811705,178.3267501038783,191.88999938964844,0.1959695138522235,187.87242809292076,191.46266914331335,11.34079851423875,1.07,85.55,790439558.8971964,4190645.6333333333,261,33,True,False,https://www.tradingview.com/chart/?symbol=NASDAQ:PM,R:R 0.20 < 2.0
